lean_name,spec_theorem,function,verified,date_proven,commit_hash,commit_message
,Curve25519Dalek/Specs/Backend/Serial/U64/Field/FieldElement51/Reduce.lean,curve25519_dalek::backend::serial::u64::field::FieldElement51::reduce,verified,2025-10-15,f1c2e1227b0f8401b5a9863dc0f3d5279829dab6,Initial commit
,Curve25519Dalek/Specs/Backend/Serial/U64/Scalar/Scalar52/MulInternal.lean,curve25519_dalek::backend::serial::u64::scalar::Scalar52::mul_internal,verified,2025-10-15,f1c2e1227b0f8401b5a9863dc0f3d5279829dab6,Initial commit
,Curve25519Dalek/Specs/Backend/Serial/U64/Scalar/Scalar52/SquareInternal.lean,curve25519_dalek::backend::serial::u64::scalar::Scalar52::square_internal,verified,2025-10-15,f1c2e1227b0f8401b5a9863dc0f3d5279829dab6,Initial commit
curve25519_dalek.backend.serial.u64.scalar.m,Curve25519Dalek/Specs/Backend/Serial/U64/Scalar/M.lean,curve25519_dalek::backend::serial::u64::scalar::m,verified,2025-10-15,f1c2e1227b0f8401b5a9863dc0f3d5279829dab6,Initial commit
curve25519_dalek.scalar.clamp_integer,Curve25519Dalek/Specs/Scalar/ClampInteger.lean,curve25519_dalek::scalar::clamp_integer,verified,2025-10-15,f1c2e1227b0f8401b5a9863dc0f3d5279829dab6,Initial commit
,Curve25519Dalek/Specs/Scalar/Scalar/AsBytes.lean,curve25519_dalek::scalar::Scalar::as_bytes,verified,2025-10-20,0664093e52da5016ecdb00911efc4bc91524dd2e,feat: added Lean specs
,Curve25519Dalek/Specs/Scalar/Scalar/ToBytes.lean,curve25519_dalek::scalar::Scalar::to_bytes,verified,2025-10-21,9a632d0c207d58c32fe2a367a4515ac89d30943d,feat: add specs and harmonised notation across all specs
,Curve25519Dalek/Specs/Backend/Serial/U64/Field/FieldElement51/Add.lean,curve25519_dalek::backend::serial::u64::field::FieldElement51::add,verified,2025-10-22,0ec32e70efa676b8ca5f1f2cb5563b0096b8195a,feat: verify AddAssign and Add (#39)
,Curve25519Dalek/Specs/Backend/Serial/U64/Field/FieldElement51/AddAssign.lean,curve25519_dalek::backend::serial::u64::field::FieldElement51::add_assign,verified,2025-10-22,0ec32e70efa676b8ca5f1f2cb5563b0096b8195a,feat: verify AddAssign and Add (#39)
,Curve25519Dalek/Specs/Edwards/CompressedEdwardsY/AsBytes.lean,curve25519_dalek::edwards::CompressedEdwardsY::as_bytes,verified,2025-10-22,12ccfd27544c330b8f7a8f64923f5b4e45046678,feat: verify AsBytes
,Curve25519Dalek/Specs/Backend/Serial/U64/Field/FieldElement51/AsBytes.lean,curve25519_dalek::backend::serial::u64::field::FieldElement51::as_bytes,verified,2025-10-24,916a5c018a8f985a70ce681f4b12a23ccbb8bc73,"feat: verify 3, specify 1 (#46)"
,Curve25519Dalek/Specs/Backend/Serial/U64/Scalar/Scalar52/Zero.lean,curve25519_dalek::backend::serial::u64::scalar::Scalar52::ZERO,verified,2025-10-24,916a5c018a8f985a70ce681f4b12a23ccbb8bc73,"feat: verify 3, specify 1 (#46)"
,Curve25519Dalek/Specs/Scalar/Scalar/Zero.lean,curve25519_dalek::scalar::Scalar::ZERO,verified,2025-10-24,916a5c018a8f985a70ce681f4b12a23ccbb8bc73,"feat: verify 3, specify 1 (#46)"
,Curve25519Dalek/Specs/Scalar/Scalar/One.lean,curve25519_dalek::scalar::Scalar::ONE,verified,2025-10-26,9676adc277fbf8b80d76ce1389e30b843f572d5f,feat: update repo text and add verification of ONE (#56)
curve25519_dalek.backend.serial.u64.constants.RR,Curve25519Dalek/Specs/Backend/Serial/U64/Constants/RR.lean,curve25519_dalek::backend::serial::u64::constants::RR,verified,2025-10-28,7021bc75f41e50df576644cca054e8173eae5263,feat: verify square and RR (#62)
,Curve25519Dalek/Specs/Backend/Serial/U64/Field/FieldElement51/Square.lean,curve25519_dalek::backend::serial::u64::field::FieldElement51::square,verified,2025-10-28,7021bc75f41e50df576644cca054e8173eae5263,feat: verify square and RR (#62)
curve25519_dalek.backend.serial.u64.constants.L,,curve25519_dalek::backend::serial::u64::constants::L,verified,2025-10-29,33f8c429b71e613fea4417d801d1e6b4f88dbb66,"feat: add formal Lean specs and proofs to three extracted constants (R, L, and LFACTOR) (#67)"
curve25519_dalek.backend.serial.u64.constants.LFACTOR,,curve25519_dalek::backend::serial::u64::constants::LFACTOR,verified,2025-10-29,33f8c429b71e613fea4417d801d1e6b4f88dbb66,"feat: add formal Lean specs and proofs to three extracted constants (R, L, and LFACTOR) (#67)"
curve25519_dalek.backend.serial.u64.constants.R,Curve25519Dalek/Specs/Backend/Serial/U64/Constants/R.lean,curve25519_dalek::backend::serial::u64::constants::R,verified,2025-10-29,33f8c429b71e613fea4417d801d1e6b4f88dbb66,"feat: add formal Lean specs and proofs to three extracted constants (R, L, and LFACTOR) (#67)"
,Curve25519Dalek/Specs/Backend/Serial/U64/Field/FieldElement51/Square2.lean,curve25519_dalek::backend::serial::u64::field::FieldElement51::square2,verified,2025-10-29,180f70cf94f272d76907b9b6e34948cda651dd73,feat: several more proofs and conversion updates (#70)
,Curve25519Dalek/Specs/Backend/Serial/U64/Field/FieldElement51/SubAssign.lean,curve25519_dalek::backend::serial::u64::field::FieldElement51::sub_assign,verified,2025-10-29,180f70cf94f272d76907b9b6e34948cda651dd73,feat: several more proofs and conversion updates (#70)
,,curve25519_dalek::edwards::EdwardsPoint::as_projective,verified,2025-10-30,7d1f783123f010b8f25d0934a9a3f032c1a25b5f,feat: add two more formal Lean specs and one proof (#72)
,,curve25519_dalek::ristretto::CompressedRistretto::as_bytes,verified,2025-10-30,837a84cd422213799c516832db5d16cd4502e239,feat: add two more formal Lean specs and proofs (#73)
,,curve25519_dalek::ristretto::CompressedRistretto::to_bytes,verified,2025-10-30,837a84cd422213799c516832db5d16cd4502e239,feat: add two more formal Lean specs and proofs (#73)
curve25519_dalek.backend.serial.u64.constants.EDWARDS_D,Curve25519Dalek/Specs/Backend/Serial/U64/Constants/EDWARDS_D.lean,curve25519_dalek::backend::serial::u64::constants::EDWARDS_D,verified,2025-11-03,326f2b2bf463d850429b4292846ef1b34cf7e6fe,Add formal Lean specs and proofs for four constants. (#93)
curve25519_dalek.backend.serial.u64.constants.EDWARDS_D2,Curve25519Dalek/Specs/Backend/Serial/U64/Constants/EDWARDS_D2.lean,curve25519_dalek::backend::serial::u64::constants::EDWARDS_D2,verified,2025-11-03,326f2b2bf463d850429b4292846ef1b34cf7e6fe,Add formal Lean specs and proofs for four constants. (#93)
curve25519_dalek.backend.serial.u64.constants.EDWARDS_D_MINUS_ONE_SQUARED,Curve25519Dalek/Specs/Backend/Serial/U64/Constants/EDWARDS_D_MINUS_ONE_SQUARED.lean,curve25519_dalek::backend::serial::u64::constants::EDWARDS_D_MINUS_ONE_SQUARED,verified,2025-11-03,326f2b2bf463d850429b4292846ef1b34cf7e6fe,Add formal Lean specs and proofs for four constants. (#93)
curve25519_dalek.backend.serial.u64.constants.ONE_MINUS_EDWARDS_D_SQUARED,Curve25519Dalek/Specs/Backend/Serial/U64/Constants/ONE_MINUS_EDWARDS_D_SQUARED.lean,curve25519_dalek::backend::serial::u64::constants::ONE_MINUS_EDWARDS_D_SQUARED,verified,2025-11-03,326f2b2bf463d850429b4292846ef1b34cf7e6fe,Add formal Lean specs and proofs for four constants. (#93)
,Curve25519Dalek/Specs/Scalar/Scalar/CtEq.lean,curve25519_dalek::scalar::Scalar::ct_eq,verified,2025-11-03,529d7f53b6fe5e80662f7649ba937c71e6400e74,Verify ct_eq_spec and pack (#94)
,Curve25519Dalek/Specs/Backend/Serial/U64/Scalar/Scalar52/Pack.lean,curve25519_dalek::scalar::backend::serial::u64::scalar::Scalar52::pack,verified,2025-11-03,529d7f53b6fe5e80662f7649ba937c71e6400e74,Verify ct_eq_spec and pack (#94)
curve25519_dalek.backend.serial.u64.constants.INVSQRT_A_MINUS_D,Curve25519Dalek/Specs/Backend/Serial/U64/Constants/INVSQRT_A_MINUS_D.lean,curve25519_dalek::backend::serial::u64::constants::INVSQRT_A_MINUS_D,verified,2025-11-04,c76f47d9dc0c6cb7b3ebfbfa318e9045a9fd05ce,Verify two more constants (#96)
curve25519_dalek.backend.serial.u64.constants.SQRT_M1,Curve25519Dalek/Specs/Backend/Serial/U64/Constants/SQRT_M1.lean,curve25519_dalek::backend::serial::u64::constants::SQRT_M1,verified,2025-11-04,c76f47d9dc0c6cb7b3ebfbfa318e9045a9fd05ce,Verify two more constants (#96)
,Curve25519Dalek/Specs/Scalar/Scalar/FromBytesModOrder.lean,curve25519_dalek::scalar::Scalar::from_bytes_mod_order,verified,2025-11-04,6f546920d9487d8677b86c11978fe7da83e632ed,Verify from_bytes_mod_order_spec (#97)
,Curve25519Dalek/Specs/Scalar/Scalar/FromBytesModOrderWide.lean,curve25519_dalek::scalar::Scalar::from_bytes_mod_order_wide,verified,2025-11-04,e57ee1890a444da46b3d55260771d5f8bced7a8e,verify from_bytes_mod_order_wide_spec (#99)
,Curve25519Dalek/Specs/Backend/Serial/U64/Field/FieldElement51/MINUS_ONE.lean,curve25519_dalek::backend::serial::u64::field::FieldElement51::MINUS_ONE,verified,2025-11-05,1df7393e16ba413f8b262447ef10db2f8924bb78,Specify and verify three Field51 constants (#106)
,Curve25519Dalek/Specs/Backend/Serial/U64/Field/FieldElement51/ONE.lean,curve25519_dalek::backend::serial::u64::field::FieldElement51::ONE,verified,2025-11-05,1df7393e16ba413f8b262447ef10db2f8924bb78,Specify and verify three Field51 constants (#106)
,Curve25519Dalek/Specs/Backend/Serial/U64/Field/FieldElement51/ZERO.lean,curve25519_dalek::backend::serial::u64::field::FieldElement51::ZERO,verified,2025-11-05,1df7393e16ba413f8b262447ef10db2f8924bb78,Specify and verify three Field51 constants (#106)
,Curve25519Dalek/Specs/Backend/Serial/U64/Field/FieldElement51/FromLimbs.lean,curve25519_dalek::backend::serial::u64::field::FieldElement51::from_limbs,verified,2025-11-05,dfccbc9927d779cbd75bc0d2027a52315dca3d98,"Add two more formal Lean specs, one proof, and an improvement of a third spec (#100)"
,Curve25519Dalek/Specs/Backend/Serial/U64/Scalar/Scalar52/AsMontgomery.lean,curve25519_dalek::backend::serial::u64::scalar::Scalar52::as_montgomery,verified,2025-11-07,6ac21645a38676cc981cd3fd1d16d99ef59374c8,Claude proves as_montgomery (#110)
,Curve25519Dalek/Specs/Backend/Serial/U64/Field/FieldElement51/Sub.lean,curve25519_dalek::backend::serial::u64::field::FieldElement51::sub,verified,2025-11-10,d97e2bf6754426970c9440f5699ac8e797855ebb,Proof of sub_spec theorem (#132)
,Curve25519Dalek/Specs/Field/FieldElement51/IsZero.lean,curve25519_dalek::field::FieldElement51::is_zero,verified,2025-11-11,30729cc38b855ca19bf13e22b8969430fb4a64d7,Update status.csv  for is_zero (#150)
,Curve25519Dalek/Specs/Backend/Serial/U64/Scalar/Scalar52/MontgomeryMul.lean,curve25519_dalek::backend::serial::u64::scalar::Scalar52::montgomery_mul,verified,2025-11-12,b17c07a4557591072500914c50a5d100983b49c7,Prove montgomery_mul_spec (#158)
,Curve25519Dalek/Specs/Edwards/EdwardsPoint/Identity.lean,curve25519_dalek::edwards::EdwardsPoint::identity,verified,2025-11-12,78dde3a1ecb5b0a3a64cd0bc8a0501ec3f73ed41,Specification and proof for EdwardsPoint_identity (#146)
,Curve25519Dalek/Specs/Scalar/Scalar/IsCanonical.lean,curve25519_dalek::scalar::Scalar::is_canonical,verified,2025-11-12,3d5302fb0231664835d7ac16bc0ac166ad9fdff6,Verify: isCanonical (#153)
,Curve25519Dalek/Specs/Backend/Serial/CurveModels/ProjectivePoint/Double.lean,curve25519_dalek::backend::serial::curve_models::ProjectivePoint::double,verified,2025-11-13,ea2e98248fb70d2d8a5b3e245e52c78da7cb4a95,feat(spec): add proof for double_spec theorem (#142)
,Curve25519Dalek/Specs/Backend/Serial/U64/Scalar/Scalar52/Invert.lean,curve25519_dalek::backend::serial::u64::scalar::Scalar52::invert,verified,2025-11-13,07418ced164de75b2ba2b43e718c8e72f48e1c15,Verify: invert (#162)
,Curve25519Dalek/Specs/Scalar/Scalar/FromCanonicalBytes.lean,curve25519_dalek::scalar::Scalar::from_canonical_bytes,verified,2025-11-19,30228fb5173ef6f4ed5b79ee7d109ff005217ee5,Verify: from_canonical_bytes (#186)
,Curve25519Dalek/Specs/Backend/Serial/U64/Field/FieldElement51/Negate.lean,curve25519_dalek::backend::serial::u64::field::FieldElement51::negate,verified,2025-11-20,d0a2ba819261cd87f69490152858e745de1da477,feat: complete proof for FieldElement51.negate (#187)
,Curve25519Dalek/Specs/Scalar/Scalar/Invert.lean,curve25519_dalek::scalar::Scalar::invert,verified,2025-11-25,e64925f31df39251141a472657b559a9d10dc8d0,Complete scalar invert (#209)
,Curve25519Dalek/Specs/Edwards/EdwardsPoint/AsProjectiveNiels.lean,curve25519_dalek::edwards::EdwardsPoint::as_projective_niels,verified,2025-11-27,550d2c4c2fb065363566f38f3cbb2be0ae6ead50,feat(proof): as_projective_niels proof (#214)
,Curve25519Dalek/Specs/Edwards/EdwardsPoint/ToAffine.lean,curve25519_dalek::edwards::EdwardsPoint::to_affine,verified,2025-11-27,c3c3fd78044bdb397f6b8256cc83f57b57636e2a,"Proof of ""curve25519_dalek::edwards::EdwardsPoint::to_affine"" + other improvements (#234)"
,Curve25519Dalek/Specs/Field/FieldElement51/InvSqrt.lean,curve25519_dalek::field::FieldElement51::invsqrt,verified,2025-11-28,bdb5ef1f8f44ad7645d4cb1a04268919b896f404,complete InvSqrt proof (#215)
,Curve25519Dalek/Specs/Scalar/Scalar/Reduce.lean,curve25519_dalek::scalar::Scalar::reduce,verified,2025-12-01,e199889b8cce37b841a76fe7b6722b972d298f81,Verify reduce and unpack (#250)
,Curve25519Dalek/Specs/Scalar/Scalar/Unpack.lean,curve25519_dalek::scalar::Scalar::unpack,verified,2025-12-01,e199889b8cce37b841a76fe7b6722b972d298f81,Verify reduce and unpack (#250)
curve25519_dalek.backend.serial.u64.constants.MINUS_ONE,Curve25519Dalek/Specs/Backend/Serial/U64/Constants/MINUS_ONE.lean,curve25519_dalek::backend::serial::u64::constants::MINUS_ONE,verified,2025-12-03,c15bf09f58717702b4fb33d4eb352b705d96991e,Verify: isNegative MINUS_ONE SQRT_AD_MINUS_ONE; Specify: CompletedPoint::add AffinePoint::compress (#257)
curve25519_dalek.backend.serial.u64.constants.SQRT_AD_MINUS_ONE,Curve25519Dalek/Specs/Backend/Serial/U64/Constants/SQRT_AD_MINUS_ONE.lean,curve25519_dalek::backend::serial::u64::constants::SQRT_AD_MINUS_ONE,verified,2025-12-03,c15bf09f58717702b4fb33d4eb352b705d96991e,Verify: isNegative MINUS_ONE SQRT_AD_MINUS_ONE; Specify: CompletedPoint::add AffinePoint::compress (#257)
,/Users/hoangtruong/Documents/lean/Max/curve25519-dalek-lean-verify/Curve25519Dalek/Specs/Field/FieldElement51/IsNegative.lean,curve25519_dalek::field::FieldElement51::is_negative,verified,2025-12-03,c15bf09f58717702b4fb33d4eb352b705d96991e,Verify: isNegative MINUS_ONE SQRT_AD_MINUS_ONE; Specify: CompletedPoint::add AffinePoint::compress (#257)
,Curve25519Dalek/Specs/Field/FieldElement51/PowP58.lean,curve25519_dalek::field::FieldElement51::pow_p58,verified,2025-12-04,7c09eb5516bef69428897f1c6ba21df35627d7e2,Complete PowP58 theorem (#265)
,Curve25519Dalek/Specs/Backend/Serial/CurveModels/CompletedPoint/Add.lean,curve25519_dalek::backend::serial::curve_models::CompletedPoint::add,verified,2025-12-08,3b9bffbf07c0e9e410ec970593b5f3648dd418e8,4 proofs: CompletedPoint::as_extended CompletedPoint::as_projective CompletedPoint::add ProjectivePoint::as_extended (#279)
,Curve25519Dalek/Specs/Backend/Serial/CurveModels/CompletedPoint/AsExtended.lean,curve25519_dalek::backend::serial::curve_models::CompletedPoint::as_extended,verified,2025-12-08,3b9bffbf07c0e9e410ec970593b5f3648dd418e8,4 proofs: CompletedPoint::as_extended CompletedPoint::as_projective CompletedPoint::add ProjectivePoint::as_extended (#279)
,Curve25519Dalek/Specs/Backend/Serial/CurveModels/CompletedPoint/AsProjective.lean,curve25519_dalek::backend::serial::curve_models::CompletedPoint::as_projective,verified,2025-12-08,3b9bffbf07c0e9e410ec970593b5f3648dd418e8,4 proofs: CompletedPoint::as_extended CompletedPoint::as_projective CompletedPoint::add ProjectivePoint::as_extended (#279)
,Curve25519Dalek/Specs/Backend/Serial/CurveModels/ProjectivePoint/AsExtended.lean,curve25519_dalek::backend::serial::curve_models::ProjectivePoint::as_extended,verified,2025-12-08,3b9bffbf07c0e9e410ec970593b5f3648dd418e8,4 proofs: CompletedPoint::as_extended CompletedPoint::as_projective CompletedPoint::add ProjectivePoint::as_extended (#279)
,Curve25519Dalek/Specs/Backend/Serial/U64/Scalar/Scalar52/Add.lean,curve25519_dalek::backend::serial::u64::scalar::Scalar52::add,verified,2025-12-08,c0fd21b3a8600eb1abac8c2e0c892e0888db6114,Proof for Scalar52::add (#164)
,Curve25519Dalek/Specs/Edwards/EdwardsPoint/ToMontgomery.lean,curve25519_dalek::edwards::EdwardsPoint::to_montgomery,verified,2025-12-08,9c023ac58292d7f8c16314f4cbb748558cc5854c,Proof of curve25519_dalek::edwards::EdwardsPoint::to_montgomery (#276)
,Curve25519Dalek/Specs/Backend/Serial/U64/Scalar/Scalar52/MontgomerySquare.lean,curve25519_dalek::backend::serial::u64::scalar::Scalar52::montgomery_square,verified,2025-12-09,7e3690d666bb940fa233df1f484d7a3ccbcca842,Verify Montgomery square (#280)
curve25519_dalek.backend.serial.u64.field.FieldElement51.neg,Curve25519Dalek/Specs/Backend/Serial/U64/Field/FieldElement51/Neg.lean,curve25519_dalek::backend::serial::u64::field::FieldElement51::neg,verified,2025-12-16,bf284461b58006f1b4c6c52b37e0f02b4e4f5f03,chore: namespace correction (#313)
curve25519_dalek.backend.serial.u64.scalar.Scalar52.from_montgomery,Curve25519Dalek/Specs/Backend/Serial/U64/Scalar/Scalar52/FromMontgomery.lean,curve25519_dalek::backend::serial::u64::scalar::Scalar52::from_montgomery,verified,2025-12-16,dc4fd24d5a758f8692315ccca9de972f06b13f2b,Two proofs: EdwardsPoint/MulByCofactor + Scalar52/FromMontgomery (#300)
curve25519_dalek.edwards.EdwardsPoint.mul_by_cofactor,Curve25519Dalek/Specs/Edwards/EdwardsPoint/MulByCofactor.lean,curve25519_dalek::edwards::EdwardsPoint::mul_by_cofactor,verified,2025-12-16,dc4fd24d5a758f8692315ccca9de972f06b13f2b,Two proofs: EdwardsPoint/MulByCofactor + Scalar52/FromMontgomery (#300)
curve25519_dalek.field.FieldElement51.invert,Curve25519Dalek/Specs/Field/FieldElement51/Invert.lean,curve25519_dalek::field::FieldElement51::invert,verified,2025-12-17,bd8b82465a0a6b0149b8cdb81137ccdbfb58b81c,Prove: Field::pow22501 and invert (#302)
curve25519_dalek.field.FieldElement51.pow22501,Curve25519Dalek/Specs/Field/FieldElement51/Pow22501.lean,curve25519_dalek::field::FieldElement51::pow22501,verified,2025-12-17,bd8b82465a0a6b0149b8cdb81137ccdbfb58b81c,Prove: Field::pow22501 and invert (#302)
curve25519_dalek.backend.serial.u64.field.ConditionallySelectablecurve25519_dalekbackendserialu64fieldFieldElement51.conditional_select,Curve25519Dalek/Specs/Backend/Serial/U64/Field/FieldElement51/ConditionalSelect.lean,curve25519_dalek::backend::serial::u64::field::FieldElement51::conditional_select,verified,2025-12-19,eb2fe132b8aaa184630a3ae3972400cca4b06aa9,"Prove: from_bytes, ct_eq, conditional_select (#328)"
curve25519_dalek.field.ConstantTimeEqcurve25519_dalekbackendserialu64fieldFieldElement51.ct_eq,Curve25519Dalek/Specs/Backend/Serial/U64/Field/FieldElement51/CtEq.lean,curve25519_dalek::backend::serial::u64::field::FieldElement51::ct_eq,verified,2025-12-19,eb2fe132b8aaa184630a3ae3972400cca4b06aa9,"Prove: from_bytes, ct_eq, conditional_select (#328)"
curve25519_dalek.backend.serial.u64.field.FieldElement51.from_bytes,Curve25519Dalek/Specs/Backend/Serial/U64/Field/FieldElement51/FromBytes.lean,curve25519_dalek::backend::serial::u64::field::FieldElement51::from_bytes,verified,2025-12-19,eb2fe132b8aaa184630a3ae3972400cca4b06aa9,"Prove: from_bytes, ct_eq, conditional_select (#328)"
curve25519_dalek.edwards.ConstantTimeEqcurve25519_dalekedwardsEdwardsPoint.ct_eq,Curve25519Dalek/Specs/Edwards/EdwardsPoint/CtEq.lean,curve25519_dalek::edwards::EdwardsPoint::ct_eq,verified,2025-12-22,0f4b20e6e36a71e936eccbc2f5dddcb5d04e14ce,feat: ct_eq_spec proof (#266) (#272)
curve25519_dalek.backend.serial.u64.field.ConditionallySelectablecurve25519_dalekbackendserialu64fieldFieldElement51.conditional_assign,Curve25519Dalek/Specs/Backend/Serial/U64/Field/FieldElement51/ConditionalAssign.lean,curve25519_dalek::backend::serial::u64::field::FieldElement51::conditional_assign,verified,2025-12-28,1bc07d8e88c8992298e577f349b597a0cbfb5fe1,Prove: Pow2K and ConditionalAssign (#339)
curve25519_dalek.backend.serial.u64.field.FieldElement51.pow2k,Curve25519Dalek/Specs/Backend/Serial/U64/Field/FieldElement51/Pow2K.lean,curve25519_dalek::backend::serial::u64::field::FieldElement51::pow2k,verified,2025-12-28,1bc07d8e88c8992298e577f349b597a0cbfb5fe1,Prove: Pow2K and ConditionalAssign (#339)
curve25519_dalek.backend.serial.u64.scalar.Scalar52.conditional_add_l,Curve25519Dalek/Specs/Backend/Serial/U64/Scalar/Scalar52/ConditionalAddL.lean,curve25519_dalek::backend::serial::u64::scalar::Scalar52::conditional_add_l,verified,2025-12-31,97a141c567c6bd84e5440653b836c58d7749b469,Verify: Scalar52.sub & conditional_add_l (#346)
curve25519_dalek.backend.serial.u64.scalar.Scalar52.sub,Curve25519Dalek/Specs/Backend/Serial/U64/Scalar/Scalar52/Sub.lean,curve25519_dalek::backend::serial::u64::scalar::Scalar52::sub,verified,2025-12-31,97a141c567c6bd84e5440653b836c58d7749b469,Verify: Scalar52.sub & conditional_add_l (#346)
curve25519_dalek.scalar.Scalar52.montgomery_invert,Curve25519Dalek/Specs/Backend/Serial/U64/Scalar/Scalar52/MontgomeryInvert.lean,curve25519_dalek::backend::serial::u64::scalar::Scalar52::montgomery_invert,verified,2026-01-02,faa69fc96a24b7e08d8eda6c80312e113d4b8e9d,Ada/issue 337 montgomery invert (#342)
curve25519_dalek.backend.serial.u64.field.FieldElement51.Mul.mul,Curve25519Dalek/Specs/Backend/Serial/U64/Field/FieldElement51/Mul.lean,curve25519_dalek::backend::serial::u64::field::FieldElement51::mul,verified,2026-01-05,b3c5fe58064bab978b20dbe2fd2d5f627c853ad5,Prove: FieldElement51::Mul (#348)
curve25519_dalek.backend.serial.curve_models.AddShared0EdwardsPointSharedAProjectiveNielsPointCompletedPoint.add,Curve25519Dalek/Specs/Backend/Serial/CurveModels/CompletedPoint/Add.lean,"curve25519_dalek::backend::serial::curve_models::{core::ops::arith::Add<&'a (curve25519_dalek::backend::serial::curve_models::ProjectiveNielsPoint), curve25519_dalek::backend::serial::curve_models::CompletedPoint> for &1 (curve25519_dalek::edwards::EdwardsPoint)}::add",verified,2026-01-13,6ef280e8bea083e7efb115870f97aa8ac0887361,Update utility scripts and site (#365)
curve25519_dalek.backend.serial.curve_models.CompletedPoint.as_extended,Curve25519Dalek/Specs/Backend/Serial/CurveModels/CompletedPoint/AsExtended.lean,curve25519_dalek::backend::serial::curve_models::{curve25519_dalek::backend::serial::curve_models::CompletedPoint}::as_extended,verified,2026-01-13,6ef280e8bea083e7efb115870f97aa8ac0887361,Update utility scripts and site (#365)
curve25519_dalek.backend.serial.curve_models.CompletedPoint.as_projective,Curve25519Dalek/Specs/Backend/Serial/CurveModels/CompletedPoint/AsProjective.lean,curve25519_dalek::backend::serial::curve_models::{curve25519_dalek::backend::serial::curve_models::CompletedPoint}::as_projective,verified,2026-01-13,6ef280e8bea083e7efb115870f97aa8ac0887361,Update utility scripts and site (#365)
curve25519_dalek.backend.serial.curve_models.ProjectivePoint.as_extended,Curve25519Dalek/Specs/Backend/Serial/CurveModels/ProjectivePoint/AsExtended.lean,curve25519_dalek::backend::serial::curve_models::{curve25519_dalek::backend::serial::curve_models::ProjectivePoint}::as_extended,verified,2026-01-13,6ef280e8bea083e7efb115870f97aa8ac0887361,Update utility scripts and site (#365)
curve25519_dalek.backend.serial.curve_models.ProjectivePoint.double,Curve25519Dalek/Specs/Backend/Serial/CurveModels/ProjectivePoint/Double.lean,curve25519_dalek::backend::serial::curve_models::{curve25519_dalek::backend::serial::curve_models::ProjectivePoint}::double,verified,2026-01-13,6ef280e8bea083e7efb115870f97aa8ac0887361,Update utility scripts and site (#365)
curve25519_dalek.backend.serial.curve_models.ConditionallySelectableAffineNielsPoint.conditional_assign,Curve25519Dalek/Specs/Backend/Serial/CurveModels/AffineNielsPoint/ConditionalAssign.lean,curve25519_dalek::backend::serial::curve_models::{subtle::ConditionallySelectable for curve25519_dalek::backend::serial::curve_models::AffineNielsPoint}::conditional_assign,verified,2026-01-13,6ef280e8bea083e7efb115870f97aa8ac0887361,Update utility scripts and site (#365)
curve25519_dalek.backend.serial.curve_models.ConditionallySelectableProjectiveNielsPoint.conditional_assign,Curve25519Dalek/Specs/Backend/Serial/CurveModels/ProjectiveNielsPoint/ConditionalAssign.lean,curve25519_dalek::backend::serial::curve_models::{subtle::ConditionallySelectable for curve25519_dalek::backend::serial::curve_models::ProjectiveNielsPoint}::conditional_assign,verified,2026-01-13,6ef280e8bea083e7efb115870f97aa8ac0887361,Update utility scripts and site (#365)
curve25519_dalek.backend.serial.u64.field.AddShared0FieldElement51SharedAFieldElement51FieldElement51.add,Curve25519Dalek/Specs/Backend/Serial/U64/Field/FieldElement51/Add.lean,"curve25519_dalek::backend::serial::u64::field::{core::ops::arith::Add<&'a (curve25519_dalek::backend::serial::u64::field::FieldElement51), curve25519_dalek::backend::serial::u64::field::FieldElement51> for &1 (curve25519_dalek::backend::serial::u64::field::FieldElement51)}::add",verified,2026-01-13,6ef280e8bea083e7efb115870f97aa8ac0887361,Update utility scripts and site (#365)
curve25519_dalek.backend.serial.u64.field.AddAssignFieldElement51SharedAFieldElement51.add_assign,Curve25519Dalek/Specs/Backend/Serial/U64/Field/FieldElement51/AddAssign.lean,curve25519_dalek::backend::serial::u64::field::{core::ops::arith::AddAssign<&'a (curve25519_dalek::backend::serial::u64::field::FieldElement51)> for curve25519_dalek::backend::serial::u64::field::FieldElement51}::add_assign,verified,2026-01-13,6ef280e8bea083e7efb115870f97aa8ac0887361,Update utility scripts and site (#365)
curve25519_dalek.backend.serial.u64.field.NegShared0FieldElement51FieldElement51.neg,Curve25519Dalek/Specs/Backend/Serial/U64/Field/FieldElement51/Neg.lean,curve25519_dalek::backend::serial::u64::field::{core::ops::arith::Neg<curve25519_dalek::backend::serial::u64::field::FieldElement51> for &0 (curve25519_dalek::backend::serial::u64::field::FieldElement51)}::neg,verified,2026-01-13,6ef280e8bea083e7efb115870f97aa8ac0887361,Update utility scripts and site (#365)
curve25519_dalek.backend.serial.u64.field.SubShared0FieldElement51SharedAFieldElement51FieldElement51.sub,Curve25519Dalek/Specs/Backend/Serial/U64/Field/FieldElement51/Sub.lean,"curve25519_dalek::backend::serial::u64::field::{core::ops::arith::Sub<&'a (curve25519_dalek::backend::serial::u64::field::FieldElement51), curve25519_dalek::backend::serial::u64::field::FieldElement51> for &1 (curve25519_dalek::backend::serial::u64::field::FieldElement51)}::sub",verified,2026-01-13,6ef280e8bea083e7efb115870f97aa8ac0887361,Update utility scripts and site (#365)
curve25519_dalek.backend.serial.u64.field.FieldElement51.MINUS_ONE,Curve25519Dalek/Specs/Backend/Serial/U64/Field/FieldElement51/MINUS_ONE.lean,curve25519_dalek::backend::serial::u64::field::{curve25519_dalek::backend::serial::u64::field::FieldElement51}::MINUS_ONE,verified,2026-01-13,6ef280e8bea083e7efb115870f97aa8ac0887361,Update utility scripts and site (#365)
curve25519_dalek.backend.serial.u64.field.FieldElement51.ONE,Curve25519Dalek/Specs/Backend/Serial/U64/Field/FieldElement51/ONE.lean,curve25519_dalek::backend::serial::u64::field::{curve25519_dalek::backend::serial::u64::field::FieldElement51}::ONE,verified,2026-01-13,6ef280e8bea083e7efb115870f97aa8ac0887361,Update utility scripts and site (#365)
curve25519_dalek.backend.serial.u64.field.FieldElement51.ZERO,Curve25519Dalek/Specs/Backend/Serial/U64/Field/FieldElement51/ZERO.lean,curve25519_dalek::backend::serial::u64::field::{curve25519_dalek::backend::serial::u64::field::FieldElement51}::ZERO,verified,2026-01-13,6ef280e8bea083e7efb115870f97aa8ac0887361,Update utility scripts and site (#365)
curve25519_dalek.backend.serial.u64.field.FieldElement51.as_bytes,Curve25519Dalek/Specs/Backend/Serial/U64/Field/FieldElement51/AsBytes.lean,curve25519_dalek::backend::serial::u64::field::{curve25519_dalek::backend::serial::u64::field::FieldElement51}::as_bytes,verified,2026-01-13,6ef280e8bea083e7efb115870f97aa8ac0887361,Update utility scripts and site (#365)
curve25519_dalek.backend.serial.u64.field.FieldElement51.from_limbs,Curve25519Dalek/Specs/Backend/Serial/U64/Field/FieldElement51/FromLimbs.lean,curve25519_dalek::backend::serial::u64::field::{curve25519_dalek::backend::serial::u64::field::FieldElement51}::from_limbs,verified,2026-01-13,6ef280e8bea083e7efb115870f97aa8ac0887361,Update utility scripts and site (#365)
curve25519_dalek.backend.serial.u64.field.FieldElement51.negate,Curve25519Dalek/Specs/Backend/Serial/U64/Field/FieldElement51/Negate.lean,curve25519_dalek::backend::serial::u64::field::{curve25519_dalek::backend::serial::u64::field::FieldElement51}::negate,verified,2026-01-13,6ef280e8bea083e7efb115870f97aa8ac0887361,Update utility scripts and site (#365)
curve25519_dalek.backend.serial.u64.field.FieldElement51.reduce,Curve25519Dalek/Specs/Backend/Serial/U64/Field/FieldElement51/Reduce.lean,curve25519_dalek::backend::serial::u64::field::{curve25519_dalek::backend::serial::u64::field::FieldElement51}::reduce,verified,2026-01-13,6ef280e8bea083e7efb115870f97aa8ac0887361,Update utility scripts and site (#365)
curve25519_dalek.backend.serial.u64.field.FieldElement51.square,Curve25519Dalek/Specs/Backend/Serial/U64/Field/FieldElement51/Square.lean,curve25519_dalek::backend::serial::u64::field::{curve25519_dalek::backend::serial::u64::field::FieldElement51}::square,verified,2026-01-13,6ef280e8bea083e7efb115870f97aa8ac0887361,Update utility scripts and site (#365)
curve25519_dalek.backend.serial.u64.field.FieldElement51.square2,Curve25519Dalek/Specs/Backend/Serial/U64/Field/FieldElement51/Square2.lean,curve25519_dalek::backend::serial::u64::field::{curve25519_dalek::backend::serial::u64::field::FieldElement51}::square2,verified,2026-01-13,6ef280e8bea083e7efb115870f97aa8ac0887361,Update utility scripts and site (#365)
curve25519_dalek.backend.serial.u64.field.ConditionallySelectableFieldElement51.conditional_assign,Curve25519Dalek/Specs/Backend/Serial/U64/Field/FieldElement51/ConditionalAssign.lean,curve25519_dalek::backend::serial::u64::field::{subtle::ConditionallySelectable for curve25519_dalek::backend::serial::u64::field::FieldElement51}::conditional_assign,verified,2026-01-13,6ef280e8bea083e7efb115870f97aa8ac0887361,Update utility scripts and site (#365)
curve25519_dalek.backend.serial.u64.field.ConditionallySelectableFieldElement51.conditional_select,Curve25519Dalek/Specs/Backend/Serial/U64/Field/FieldElement51/ConditionalSelect.lean,curve25519_dalek::backend::serial::u64::field::{subtle::ConditionallySelectable for curve25519_dalek::backend::serial::u64::field::FieldElement51}::conditional_select,verified,2026-01-13,6ef280e8bea083e7efb115870f97aa8ac0887361,Update utility scripts and site (#365)
curve25519_dalek.backend.serial.u64.scalar.Scalar52.ZERO,Curve25519Dalek/Specs/Backend/Serial/U64/Scalar/Scalar52/Zero.lean,curve25519_dalek::backend::serial::u64::scalar::{curve25519_dalek::backend::serial::u64::scalar::Scalar52}::ZERO,verified,2026-01-13,6ef280e8bea083e7efb115870f97aa8ac0887361,Update utility scripts and site (#365)
curve25519_dalek.backend.serial.u64.scalar.Scalar52.add,Curve25519Dalek/Specs/Backend/Serial/U64/Scalar/Scalar52/Add.lean,curve25519_dalek::backend::serial::u64::scalar::{curve25519_dalek::backend::serial::u64::scalar::Scalar52}::add,verified,2026-01-13,6ef280e8bea083e7efb115870f97aa8ac0887361,Update utility scripts and site (#365)
curve25519_dalek.backend.serial.u64.scalar.Scalar52.as_montgomery,Curve25519Dalek/Specs/Backend/Serial/U64/Scalar/Scalar52/AsMontgomery.lean,curve25519_dalek::backend::serial::u64::scalar::{curve25519_dalek::backend::serial::u64::scalar::Scalar52}::as_montgomery,verified,2026-01-13,6ef280e8bea083e7efb115870f97aa8ac0887361,Update utility scripts and site (#365)
curve25519_dalek.backend.serial.u64.scalar.Scalar52.conditional_add_l,Curve25519Dalek/Specs/Backend/Serial/U64/Scalar/Scalar52/ConditionalAddL.lean,curve25519_dalek::backend::serial::u64::scalar::{curve25519_dalek::backend::serial::u64::scalar::Scalar52}::conditional_add_l,verified,2026-01-13,6ef280e8bea083e7efb115870f97aa8ac0887361,Update utility scripts and site (#365)
curve25519_dalek.backend.serial.u64.scalar.Scalar52.from_montgomery,Curve25519Dalek/Specs/Backend/Serial/U64/Scalar/Scalar52/FromMontgomery.lean,curve25519_dalek::backend::serial::u64::scalar::{curve25519_dalek::backend::serial::u64::scalar::Scalar52}::from_montgomery,verified,2026-01-13,6ef280e8bea083e7efb115870f97aa8ac0887361,Update utility scripts and site (#365)
curve25519_dalek.backend.serial.u64.scalar.Scalar52.montgomery_mul,Curve25519Dalek/Specs/Backend/Serial/U64/Scalar/Scalar52/MontgomeryMul.lean,curve25519_dalek::backend::serial::u64::scalar::{curve25519_dalek::backend::serial::u64::scalar::Scalar52}::montgomery_mul,verified,2026-01-13,6ef280e8bea083e7efb115870f97aa8ac0887361,Update utility scripts and site (#365)
curve25519_dalek.backend.serial.u64.scalar.Scalar52.montgomery_square,Curve25519Dalek/Specs/Backend/Serial/U64/Scalar/Scalar52/MontgomerySquare.lean,curve25519_dalek::backend::serial::u64::scalar::{curve25519_dalek::backend::serial::u64::scalar::Scalar52}::montgomery_square,verified,2026-01-13,6ef280e8bea083e7efb115870f97aa8ac0887361,Update utility scripts and site (#365)
curve25519_dalek.backend.serial.u64.scalar.Scalar52.mul_internal,Curve25519Dalek/Specs/Backend/Serial/U64/Scalar/Scalar52/MulInternal.lean,curve25519_dalek::backend::serial::u64::scalar::{curve25519_dalek::backend::serial::u64::scalar::Scalar52}::mul_internal,verified,2026-01-13,6ef280e8bea083e7efb115870f97aa8ac0887361,Update utility scripts and site (#365)
curve25519_dalek.backend.serial.u64.scalar.Scalar52.square_internal,Curve25519Dalek/Specs/Backend/Serial/U64/Scalar/Scalar52/SquareInternal.lean,curve25519_dalek::backend::serial::u64::scalar::{curve25519_dalek::backend::serial::u64::scalar::Scalar52}::square_internal,verified,2026-01-13,6ef280e8bea083e7efb115870f97aa8ac0887361,Update utility scripts and site (#365)
curve25519_dalek.backend.serial.u64.scalar.Scalar52.sub,Curve25519Dalek/Specs/Backend/Serial/U64/Scalar/Scalar52/Sub.lean,curve25519_dalek::backend::serial::u64::scalar::{curve25519_dalek::backend::serial::u64::scalar::Scalar52}::sub,verified,2026-01-13,6ef280e8bea083e7efb115870f97aa8ac0887361,Update utility scripts and site (#365)
curve25519_dalek.edwards.CompressedEdwardsY.as_bytes,Curve25519Dalek/Specs/Edwards/CompressedEdwardsY/AsBytes.lean,curve25519_dalek::edwards::{curve25519_dalek::edwards::CompressedEdwardsY}::as_bytes,verified,2026-01-13,6ef280e8bea083e7efb115870f97aa8ac0887361,Update utility scripts and site (#365)
curve25519_dalek.edwards.EdwardsPoint.as_projective,Curve25519Dalek/Specs/Edwards/EdwardsPoint/AsProjective.lean,curve25519_dalek::edwards::{curve25519_dalek::edwards::EdwardsPoint}::as_projective,verified,2026-01-13,6ef280e8bea083e7efb115870f97aa8ac0887361,Update utility scripts and site (#365)
curve25519_dalek.edwards.EdwardsPoint.as_projective_niels,Curve25519Dalek/Specs/Edwards/EdwardsPoint/AsProjectiveNiels.lean,curve25519_dalek::edwards::{curve25519_dalek::edwards::EdwardsPoint}::as_projective_niels,verified,2026-01-13,6ef280e8bea083e7efb115870f97aa8ac0887361,Update utility scripts and site (#365)
curve25519_dalek.edwards.EdwardsPoint.mul_by_cofactor,Curve25519Dalek/Specs/Edwards/EdwardsPoint/MulByCofactor.lean,curve25519_dalek::edwards::{curve25519_dalek::edwards::EdwardsPoint}::mul_by_cofactor,verified,2026-01-13,6ef280e8bea083e7efb115870f97aa8ac0887361,Update utility scripts and site (#365)
curve25519_dalek.edwards.EdwardsPoint.to_affine,Curve25519Dalek/Specs/Edwards/EdwardsPoint/ToAffine.lean,curve25519_dalek::edwards::{curve25519_dalek::edwards::EdwardsPoint}::to_affine,verified,2026-01-13,6ef280e8bea083e7efb115870f97aa8ac0887361,Update utility scripts and site (#365)
curve25519_dalek.edwards.IdentityEdwardsPoint.identity,Curve25519Dalek/Specs/Edwards/EdwardsPoint/Identity.lean,curve25519_dalek::edwards::{curve25519_dalek::traits::Identity for curve25519_dalek::edwards::EdwardsPoint}::identity,verified,2026-01-13,6ef280e8bea083e7efb115870f97aa8ac0887361,Update utility scripts and site (#365)
curve25519_dalek.edwards.ConstantTimeEqEdwardsPoint.ct_eq,Curve25519Dalek/Specs/Edwards/EdwardsPoint/CtEq.lean,curve25519_dalek::edwards::{subtle::ConstantTimeEq for curve25519_dalek::edwards::EdwardsPoint}::ct_eq,verified,2026-01-13,6ef280e8bea083e7efb115870f97aa8ac0887361,Update utility scripts and site (#365)
curve25519_dalek.field.FieldElement51.invsqrt,Curve25519Dalek/Specs/Field/FieldElement51/InvSqrt.lean,curve25519_dalek::field::{curve25519_dalek::backend::serial::u64::field::FieldElement51}::invsqrt,verified,2026-01-13,6ef280e8bea083e7efb115870f97aa8ac0887361,Update utility scripts and site (#365)
curve25519_dalek.field.FieldElement51.is_negative,Curve25519Dalek/Specs/Field/FieldElement51/IsNegative.lean,curve25519_dalek::field::{curve25519_dalek::backend::serial::u64::field::FieldElement51}::is_negative,verified,2026-01-13,6ef280e8bea083e7efb115870f97aa8ac0887361,Update utility scripts and site (#365)
curve25519_dalek.field.FieldElement51.is_zero,Curve25519Dalek/Specs/Field/FieldElement51/IsZero.lean,curve25519_dalek::field::{curve25519_dalek::backend::serial::u64::field::FieldElement51}::is_zero,verified,2026-01-13,6ef280e8bea083e7efb115870f97aa8ac0887361,Update utility scripts and site (#365)
curve25519_dalek.field.ConstantTimeEqFieldElement51.ct_eq,Curve25519Dalek/Specs/Backend/Serial/U64/Field/FieldElement51/CtEq.lean,curve25519_dalek::field::{subtle::ConstantTimeEq for curve25519_dalek::backend::serial::u64::field::FieldElement51}::ct_eq,verified,2026-01-13,6ef280e8bea083e7efb115870f97aa8ac0887361,Update utility scripts and site (#365)
curve25519_dalek.ristretto.CompressedRistretto.as_bytes,Curve25519Dalek/Specs/Ristretto/CompressedRistretto/AsBytes.lean,curve25519_dalek::ristretto::{curve25519_dalek::ristretto::CompressedRistretto}::as_bytes,verified,2026-01-13,6ef280e8bea083e7efb115870f97aa8ac0887361,Update utility scripts and site (#365)
curve25519_dalek.ristretto.CompressedRistretto.to_bytes,Curve25519Dalek/Specs/Ristretto/CompressedRistretto/ToBytes.lean,curve25519_dalek::ristretto::{curve25519_dalek::ristretto::CompressedRistretto}::to_bytes,verified,2026-01-13,6ef280e8bea083e7efb115870f97aa8ac0887361,Update utility scripts and site (#365)
curve25519_dalek.scalar.Scalar52.invert,Curve25519Dalek/Specs/Backend/Serial/U64/Scalar/Scalar52/Invert.lean,curve25519_dalek::scalar::{curve25519_dalek::backend::serial::u64::scalar::Scalar52}::invert,verified,2026-01-13,6ef280e8bea083e7efb115870f97aa8ac0887361,Update utility scripts and site (#365)
curve25519_dalek.scalar.Scalar52.montgomery_invert,Curve25519Dalek/Specs/Backend/Serial/U64/Scalar/Scalar52/MontgomeryInvert.lean,curve25519_dalek::scalar::{curve25519_dalek::backend::serial::u64::scalar::Scalar52}::montgomery_invert,verified,2026-01-13,6ef280e8bea083e7efb115870f97aa8ac0887361,Update utility scripts and site (#365)
curve25519_dalek.scalar.Scalar52.pack,Curve25519Dalek/Specs/Backend/Serial/U64/Scalar/Scalar52/Pack.lean,curve25519_dalek::scalar::{curve25519_dalek::backend::serial::u64::scalar::Scalar52}::pack,verified,2026-01-13,6ef280e8bea083e7efb115870f97aa8ac0887361,Update utility scripts and site (#365)
curve25519_dalek.scalar.Scalar.ONE,Curve25519Dalek/Specs/Scalar/Scalar/One.lean,curve25519_dalek::scalar::{curve25519_dalek::scalar::Scalar}::ONE,verified,2026-01-13,6ef280e8bea083e7efb115870f97aa8ac0887361,Update utility scripts and site (#365)
curve25519_dalek.scalar.Scalar.ZERO,Curve25519Dalek/Specs/Scalar/Scalar/Zero.lean,curve25519_dalek::scalar::{curve25519_dalek::scalar::Scalar}::ZERO,verified,2026-01-13,6ef280e8bea083e7efb115870f97aa8ac0887361,Update utility scripts and site (#365)
curve25519_dalek.scalar.Scalar.as_bytes,Curve25519Dalek/Specs/Scalar/Scalar/AsBytes.lean,curve25519_dalek::scalar::{curve25519_dalek::scalar::Scalar}::as_bytes,verified,2026-01-13,6ef280e8bea083e7efb115870f97aa8ac0887361,Update utility scripts and site (#365)
curve25519_dalek.scalar.Scalar.from_bytes_mod_order,Curve25519Dalek/Specs/Scalar/Scalar/FromBytesModOrder.lean,curve25519_dalek::scalar::{curve25519_dalek::scalar::Scalar}::from_bytes_mod_order,verified,2026-01-13,6ef280e8bea083e7efb115870f97aa8ac0887361,Update utility scripts and site (#365)
curve25519_dalek.scalar.Scalar.from_bytes_mod_order_wide,Curve25519Dalek/Specs/Scalar/Scalar/FromBytesModOrderWide.lean,curve25519_dalek::scalar::{curve25519_dalek::scalar::Scalar}::from_bytes_mod_order_wide,verified,2026-01-13,6ef280e8bea083e7efb115870f97aa8ac0887361,Update utility scripts and site (#365)
curve25519_dalek.scalar.Scalar.from_canonical_bytes,Curve25519Dalek/Specs/Scalar/Scalar/FromCanonicalBytes.lean,curve25519_dalek::scalar::{curve25519_dalek::scalar::Scalar}::from_canonical_bytes,verified,2026-01-13,6ef280e8bea083e7efb115870f97aa8ac0887361,Update utility scripts and site (#365)
curve25519_dalek.scalar.Scalar.invert,Curve25519Dalek/Specs/Scalar/Scalar/Invert.lean,curve25519_dalek::scalar::{curve25519_dalek::scalar::Scalar}::invert,verified,2026-01-13,6ef280e8bea083e7efb115870f97aa8ac0887361,Update utility scripts and site (#365)
curve25519_dalek.scalar.Scalar.is_canonical,Curve25519Dalek/Specs/Scalar/Scalar/IsCanonical.lean,curve25519_dalek::scalar::{curve25519_dalek::scalar::Scalar}::is_canonical,verified,2026-01-13,6ef280e8bea083e7efb115870f97aa8ac0887361,Update utility scripts and site (#365)
curve25519_dalek.scalar.Scalar.reduce,Curve25519Dalek/Specs/Scalar/Scalar/Reduce.lean,curve25519_dalek::scalar::{curve25519_dalek::scalar::Scalar}::reduce,verified,2026-01-13,6ef280e8bea083e7efb115870f97aa8ac0887361,Update utility scripts and site (#365)
curve25519_dalek.scalar.Scalar.to_bytes,Curve25519Dalek/Specs/Scalar/Scalar/ToBytes.lean,curve25519_dalek::scalar::{curve25519_dalek::scalar::Scalar}::to_bytes,verified,2026-01-13,6ef280e8bea083e7efb115870f97aa8ac0887361,Update utility scripts and site (#365)
curve25519_dalek.scalar.Scalar.unpack,Curve25519Dalek/Specs/Scalar/Scalar/Unpack.lean,curve25519_dalek::scalar::{curve25519_dalek::scalar::Scalar}::unpack,verified,2026-01-13,6ef280e8bea083e7efb115870f97aa8ac0887361,Update utility scripts and site (#365)
curve25519_dalek.scalar.ConstantTimeEqScalar.ct_eq,Curve25519Dalek/Specs/Scalar/Scalar/CtEq.lean,curve25519_dalek::scalar::{subtle::ConstantTimeEq for curve25519_dalek::scalar::Scalar}::ct_eq,verified,2026-01-13,6ef280e8bea083e7efb115870f97aa8ac0887361,Update utility scripts and site (#365)
curve25519_dalek.field.FieldElement51.sqrt_ratio_i,Curve25519Dalek/Specs/Field/FieldElement51/SqrtRatioi.lean,curve25519_dalek::field::{curve25519_dalek::backend::serial::u64::field::FieldElement51}::sqrt_ratio_i,verified,2026-01-19,a7ca79fbb2e99ae1a5d9e936f167ba050af98ae7,Verify SqrtRatioi (#381)
curve25519_dalek.backend.serial.curve_models.EqAffineNielsPoint.assert_receiver_is_total_eq,Curve25519Dalek/Specs/Backend/Serial/CurveModels/AffineNielsPoint/AssertReceiverIsTotalEq.lean,curve25519_dalek::backend::serial::curve_models::{core::cmp::Eq for curve25519_dalek::backend::serial::curve_models::AffineNielsPoint}::assert_receiver_is_total_eq,verified,2026-01-21,40795f605d8b9a79af741366a8f284755cb2619d,Verify many functions in curve_models (#406)
curve25519_dalek.backend.serial.curve_models.PartialEqAffineNielsPointAffineNielsPoint.eq,Curve25519Dalek/Specs/Backend/Serial/CurveModels/AffineNielsPoint/Eq.lean,curve25519_dalek::backend::serial::curve_models::{core::cmp::PartialEq<curve25519_dalek::backend::serial::curve_models::AffineNielsPoint> for curve25519_dalek::backend::serial::curve_models::AffineNielsPoint}::eq,verified,2026-01-21,40795f605d8b9a79af741366a8f284755cb2619d,Verify many functions in curve_models (#406)
curve25519_dalek.backend.serial.curve_models.AddShared0EdwardsPointSharedAAffineNielsPointCompletedPoint.add,Curve25519Dalek/Specs/Backend/Serial/CurveModels/AffineNielsPoint/Add.lean,"curve25519_dalek::backend::serial::curve_models::{core::ops::arith::Add<&'a (curve25519_dalek::backend::serial::curve_models::AffineNielsPoint), curve25519_dalek::backend::serial::curve_models::CompletedPoint> for &1 (curve25519_dalek::edwards::EdwardsPoint)}::add",verified,2026-01-21,40795f605d8b9a79af741366a8f284755cb2619d,Verify many functions in curve_models (#406)
curve25519_dalek.backend.serial.curve_models.NegShared0AffineNielsPointAffineNielsPoint.neg,Curve25519Dalek/Specs/Backend/Serial/CurveModels/AffineNielsPoint/Neg.lean,curve25519_dalek::backend::serial::curve_models::{core::ops::arith::Neg<curve25519_dalek::backend::serial::curve_models::AffineNielsPoint> for &0 (curve25519_dalek::backend::serial::curve_models::AffineNielsPoint)}::neg,verified,2026-01-21,40795f605d8b9a79af741366a8f284755cb2619d,Verify many functions in curve_models (#406)
curve25519_dalek.backend.serial.curve_models.NegShared0ProjectiveNielsPointProjectiveNielsPoint.neg,Curve25519Dalek/Specs/Backend/Serial/CurveModels/ProjectiveNielsPoint/Neg.lean,curve25519_dalek::backend::serial::curve_models::{core::ops::arith::Neg<curve25519_dalek::backend::serial::curve_models::ProjectiveNielsPoint> for &0 (curve25519_dalek::backend::serial::curve_models::ProjectiveNielsPoint)}::neg,verified,2026-01-21,40795f605d8b9a79af741366a8f284755cb2619d,Verify many functions in curve_models (#406)
curve25519_dalek.backend.serial.curve_models.SubShared0EdwardsPointSharedAAffineNielsPointCompletedPoint.sub,Curve25519Dalek/Specs/Backend/Serial/CurveModels/AffineNielsPoint/Sub.lean,"curve25519_dalek::backend::serial::curve_models::{core::ops::arith::Sub<&'a (curve25519_dalek::backend::serial::curve_models::AffineNielsPoint), curve25519_dalek::backend::serial::curve_models::CompletedPoint> for &1 (curve25519_dalek::edwards::EdwardsPoint)}::sub",verified,2026-01-21,40795f605d8b9a79af741366a8f284755cb2619d,Verify many functions in curve_models (#406)
curve25519_dalek.backend.serial.curve_models.SubShared0EdwardsPointSharedAProjectiveNielsPointCompletedPoint.sub,Curve25519Dalek/Specs/Backend/Serial/CurveModels/ProjectiveNielsPoint/Sub.lean,"curve25519_dalek::backend::serial::curve_models::{core::ops::arith::Sub<&'a (curve25519_dalek::backend::serial::curve_models::ProjectiveNielsPoint), curve25519_dalek::backend::serial::curve_models::CompletedPoint> for &1 (curve25519_dalek::edwards::EdwardsPoint)}::sub",verified,2026-01-21,40795f605d8b9a79af741366a8f284755cb2619d,Verify many functions in curve_models (#406)
curve25519_dalek.backend.serial.curve_models.ConditionallySelectableProjectiveNielsPoint.conditional_select,Curve25519Dalek/Specs/Backend/Serial/CurveModels/ProjectiveNielsPoint/ConditionalSelect.lean,curve25519_dalek::backend::serial::curve_models::{subtle::ConditionallySelectable for curve25519_dalek::backend::serial::curve_models::ProjectiveNielsPoint}::conditional_select,verified,2026-01-21,40795f605d8b9a79af741366a8f284755cb2619d,Verify many functions in curve_models (#406)
curve25519_dalek.montgomery.IdentityMontgomeryPoint.identity,Curve25519Dalek/Specs/Montgomery/MontgomeryPoint/Identity.lean,curve25519_dalek::montgomery::{curve25519_dalek::traits::Identity for curve25519_dalek::montgomery::MontgomeryPoint}::identity,verified,2026-01-27,b5806c47303de76bcba53b44fd1c908f63fe0d49,Proof for Identity.lean (#422)
curve25519_dalek.backend.serial.curve_models.IdentityAffineNielsPoint.identity,Curve25519Dalek/Specs/Backend/Serial/CurveModels/AffineNielsPoint/Identity.lean,curve25519_dalek::backend::serial::curve_models::{curve25519_dalek::traits::Identity for curve25519_dalek::backend::serial::curve_models::AffineNielsPoint}::identity,verified,2026-01-30,b8e3068fbc542527c33b14bdb5b6b3f428469bea,identity (#456)
curve25519_dalek.backend.serial.curve_models.IdentityProjectiveNielsPoint.identity,Curve25519Dalek/Specs/Backend/Serial/CurveModels/ProjectiveNielsPoint/Identity.lean,curve25519_dalek::backend::serial::curve_models::{curve25519_dalek::traits::Identity for curve25519_dalek::backend::serial::curve_models::ProjectiveNielsPoint}::identity,verified,2026-01-30,b8e3068fbc542527c33b14bdb5b6b3f428469bea,identity (#456)
curve25519_dalek.backend.serial.curve_models.IdentityProjectivePoint.identity,Curve25519Dalek/Specs/Backend/Serial/CurveModels/ProjectivePoint/Identity.lean,curve25519_dalek::backend::serial::curve_models::{curve25519_dalek::traits::Identity for curve25519_dalek::backend::serial::curve_models::ProjectivePoint}::identity,verified,2026-01-30,b8e3068fbc542527c33b14bdb5b6b3f428469bea,identity (#456)
curve25519_dalek.montgomery.PartialEqMontgomeryPointMontgomeryPoint.eq,Curve25519Dalek/Specs/Montgomery/MontgomeryPoint/Eq.lean,curve25519_dalek::montgomery::{core::cmp::PartialEq<curve25519_dalek::montgomery::MontgomeryPoint> for curve25519_dalek::montgomery::MontgomeryPoint}::eq,verified,2026-01-30,a5547c92d53c38abb6b17c9c57397117e5498134,Specify and verify Montgomery functions (#453)
curve25519_dalek.montgomery.MulShared1ScalarShared0MontgomeryPointMontgomeryPoint.mul,Curve25519Dalek/Specs/Montgomery/MontgomeryPoint/Mul.lean,"curve25519_dalek::montgomery::{core::ops::arith::Mul<&0 (curve25519_dalek::montgomery::MontgomeryPoint), curve25519_dalek::montgomery::MontgomeryPoint> for &1 (curve25519_dalek::scalar::Scalar)}::mul",verified,2026-01-30,a5547c92d53c38abb6b17c9c57397117e5498134,Specify and verify Montgomery functions (#453)
curve25519_dalek.montgomery.MulAssignMontgomeryPointShared0Scalar.mul_assign,Curve25519Dalek/Specs/Montgomery/MontgomeryPoint/MulAssign.lean,curve25519_dalek::montgomery::{core::ops::arith::MulAssign<&0 (curve25519_dalek::scalar::Scalar)> for curve25519_dalek::montgomery::MontgomeryPoint}::mul_assign,verified,2026-01-30,a5547c92d53c38abb6b17c9c57397117e5498134,Specify and verify Montgomery functions (#453)
curve25519_dalek.montgomery.ConstantTimeEqMontgomeryPoint.ct_eq,Curve25519Dalek/Specs/Montgomery/MontgomeryPoint/CtEq.lean,curve25519_dalek::montgomery::{subtle::ConstantTimeEq for curve25519_dalek::montgomery::MontgomeryPoint}::ct_eq,verified,2026-01-30,a5547c92d53c38abb6b17c9c57397117e5498134,Specify and verify Montgomery functions (#453)
curve25519_dalek.montgomery.IdentityProjectivePoint.identity,Curve25519Dalek/Specs/Montgomery/ProjectivePoint/Identity.lean,curve25519_dalek::montgomery::{curve25519_dalek::traits::Identity for curve25519_dalek::montgomery::ProjectivePoint}::identity,verified,2026-01-31,388e93bfee9a4aa982edaf02e44bdf2ee5dea83a,Montgomery::ProjectivePoint::identity (#475)
curve25519_dalek.backend.serial.curve_models.ConditionallySelectableAffineNielsPoint.conditional_select,Curve25519Dalek/Specs/Backend/Serial/CurveModels/AffineNielsPoint/ConditionalSelect.lean,curve25519_dalek::backend::serial::curve_models::{subtle::ConditionallySelectable for curve25519_dalek::backend::serial::curve_models::AffineNielsPoint}::conditional_select,verified,2026-02-02,b45bf3b97e41f9184dcf48c987e8be21436d3c0e,completed MONTGOMERY_A_NEG MONTGOMERY_A AffineNielsPoint::ConditionalSelect (#484)
curve25519_dalek.backend.serial.u64.constants.MONTGOMERY_A,Curve25519Dalek/Specs/Backend/Serial/U64/Constants/MONTGOMERY_A.lean,curve25519_dalek::backend::serial::u64::constants::MONTGOMERY_A,verified,2026-02-02,b45bf3b97e41f9184dcf48c987e8be21436d3c0e,completed MONTGOMERY_A_NEG MONTGOMERY_A AffineNielsPoint::ConditionalSelect (#484)
curve25519_dalek.backend.serial.u64.constants.MONTGOMERY_A_NEG,Curve25519Dalek/Specs/Backend/Serial/U64/Constants/MONTGOMERY_A_NEG.lean,curve25519_dalek::backend::serial::u64::constants::MONTGOMERY_A_NEG,verified,2026-02-02,b45bf3b97e41f9184dcf48c987e8be21436d3c0e,completed MONTGOMERY_A_NEG MONTGOMERY_A AffineNielsPoint::ConditionalSelect (#484)
curve25519_dalek.montgomery.ConditionallySelectableMontgomeryPoint.conditional_select,Curve25519Dalek/Specs/Montgomery/MontgomeryPoint/ConditionalSelect.lean,curve25519_dalek::montgomery::{subtle::ConditionallySelectable for curve25519_dalek::montgomery::MontgomeryPoint}::conditional_select,verified,2026-02-03,f5c478d7d4e0f304c943eb3d56c46686bc1e850f,Verify montgomery::conditional_select (#485)
curve25519_dalek.constants.RISTRETTO_BASEPOINT_POINT,Curve25519Dalek/Specs/Constants/RISTRETTO_BASEPOINT_POINT.lean,curve25519_dalek::constants::RISTRETTO_BASEPOINT_POINT,verified,2026-02-04,397bb4bb7979c3d243d61db701fbdcabdacc6bee,Additional spec files and specs for Ristretto (#397)
curve25519_dalek.montgomery.MontgomeryPoint.as_bytes,Curve25519Dalek/Specs/Montgomery/MontgomeryPoint/AsBytes.lean,curve25519_dalek::montgomery::{curve25519_dalek::montgomery::MontgomeryPoint}::as_bytes,verified,2026-02-04,eae4adc2f2719f43206fd9d9179a7f0d799c0bad,As/to bytes & conditional select (#491)
curve25519_dalek.montgomery.MontgomeryPoint.to_bytes,Curve25519Dalek/Specs/Montgomery/MontgomeryPoint/ToBytes.lean,curve25519_dalek::montgomery::{curve25519_dalek::montgomery::MontgomeryPoint}::to_bytes,verified,2026-02-04,eae4adc2f2719f43206fd9d9179a7f0d799c0bad,As/to bytes & conditional select (#491)
curve25519_dalek.montgomery.ConditionallySelectableProjectivePoint.conditional_select,Curve25519Dalek/Specs/Montgomery/ProjectivePoint/ConditionalSelect.lean,curve25519_dalek::montgomery::{subtle::ConditionallySelectable for curve25519_dalek::montgomery::ProjectivePoint}::conditional_select,verified,2026-02-04,eae4adc2f2719f43206fd9d9179a7f0d799c0bad,As/to bytes & conditional select (#491)
curve25519_dalek.ristretto.AddShared0RistrettoPointSharedARistrettoPointRistrettoPoint.add,Curve25519Dalek/Specs/Ristretto/RistrettoPoint/Add.lean,"curve25519_dalek::ristretto::{core::ops::arith::Add<&'a (curve25519_dalek::ristretto::RistrettoPoint), curve25519_dalek::ristretto::RistrettoPoint> for &1 (curve25519_dalek::ristretto::RistrettoPoint)}::add",verified,2026-02-09,660e810e9fac70be7baacf2b2e59ddd770c84c03,Proof of RistrettoPoint: add (#507)
curve25519_dalek.edwards.EdwardsPoint.mul_base_clamped,Curve25519Dalek/Specs/Edwards/EdwardsPoint/MulBaseClamped.lean,curve25519_dalek::edwards::{curve25519_dalek::edwards::EdwardsPoint}::mul_base_clamped,verified,2026-02-11,4d3e5c332372541ec787b30e3ac59c91727eb967,"Completed MulBase, MulBaseClamped, MulClamped, Edward:MulBaseClamped on Montgomery (#520)"
curve25519_dalek.montgomery.MontgomeryPoint.mul_base_clamped,Curve25519Dalek/Specs/Montgomery/MontgomeryPoint/MulBaseClamped.lean,curve25519_dalek::montgomery::{curve25519_dalek::montgomery::MontgomeryPoint}::mul_base_clamped,verified,2026-02-11,4d3e5c332372541ec787b30e3ac59c91727eb967,"Completed MulBase, MulBaseClamped, MulClamped, Edward:MulBaseClamped on Montgomery (#520)"
curve25519_dalek.montgomery.MontgomeryPoint.mul_clamped,Curve25519Dalek/Specs/Montgomery/MontgomeryPoint/MulClamped.lean,curve25519_dalek::montgomery::{curve25519_dalek::montgomery::MontgomeryPoint}::mul_clamped,verified,2026-02-11,4d3e5c332372541ec787b30e3ac59c91727eb967,"Completed MulBase, MulBaseClamped, MulClamped, Edward:MulBaseClamped on Montgomery (#520)"
curve25519_dalek.ristretto.RistrettoPoint.coset4,Curve25519Dalek/Specs/Ristretto/RistrettoPoint/Coset4.lean,curve25519_dalek::ristretto::{curve25519_dalek::ristretto::RistrettoPoint}::coset4,verified,2026-02-16,9ea64286d34e8a21d2050e6577c09907883dbe93,Proof for RistrettoPoint::coset4 + Spec theorem for EIGHT_TORSION.lean (#540)
curve25519_dalek.ristretto.decompress.step_1,Curve25519Dalek/Specs/Ristretto/CompressedRistretto/Step1.lean,curve25519_dalek::ristretto::decompress::step_1,verified,2026-02-18,a6925243798f066aebb359ead36ec7dc8b891b50,issue 543 step1 verification (#545)
curve25519_dalek.Shared0Scalar.Insts.CoreOpsArithMulSharedAEdwardsPointEdwardsPoint.mul,Curve25519Dalek/Specs/Edwards/EdwardsPoint/Mul.lean,"curve25519_dalek::edwards::{core::ops::arith::Mul<&'a (curve25519_dalek::edwards::EdwardsPoint), curve25519_dalek::edwards::EdwardsPoint> for &1 (curve25519_dalek::scalar::Scalar)}::mul",verified,2026-02-26,a80dcf1ee4ef25a6a0ee708ea766be70d88eec02,Proofs of both RistrettoPoint::mul functions (#567)
curve25519_dalek.Shared0Scalar.Insts.CoreOpsArithMulSharedARistrettoPointRistrettoPoint.mul,Curve25519Dalek/Specs/Ristretto/RistrettoPoint/Mul.lean,"curve25519_dalek::ristretto::{core::ops::arith::Mul<&'a (curve25519_dalek::ristretto::RistrettoPoint), curve25519_dalek::ristretto::RistrettoPoint> for &1 (curve25519_dalek::scalar::Scalar)}::mul",verified,2026-02-26,a80dcf1ee4ef25a6a0ee708ea766be70d88eec02,Proofs of both RistrettoPoint::mul functions (#567)
curve25519_dalek.Shared0RistrettoPoint.Insts.CoreOpsArithMulSharedAScalarRistrettoPoint.mul,Curve25519Dalek/Specs/Ristretto/RistrettoPoint/Mul.lean,"curve25519_dalek::ristretto::{core::ops::arith::Mul<&'a (curve25519_dalek::scalar::Scalar), curve25519_dalek::ristretto::RistrettoPoint> for &1 (curve25519_dalek::ristretto::RistrettoPoint)}::mul",verified,2026-02-26,a80dcf1ee4ef25a6a0ee708ea766be70d88eec02,Proofs of both RistrettoPoint::mul functions (#567)
curve25519_dalek.ristretto.CompressedRistretto.decompress,Curve25519Dalek/Specs/Ristretto/CompressedRistretto/Decompress.lean,curve25519_dalek::ristretto::{curve25519_dalek::ristretto::CompressedRistretto}::decompress,verified,2026-02-26,9dc45c45f30be2a1838ef566ffab8eec4a86225e,Issue 562 decompress verification (#568)
curve25519_dalek.montgomery.ProjectivePoint.as_affine,Curve25519Dalek/Specs/Montgomery/MontgomeryPoint/AsAffine.lean,curve25519_dalek::montgomery::{curve25519_dalek::montgomery::ProjectivePoint}::as_affine,verified,2026-02-27,29861e301c67a0766d86dad1d924ab2cc665f9fd,Specify and Prove As affine (#511)
curve25519_dalek.ristretto.RistrettoPoint.from_uniform_bytes,Curve25519Dalek/Specs/Ristretto/RistrettoPoint/FromUniformBytes.lean,curve25519_dalek::ristretto::{curve25519_dalek::ristretto::RistrettoPoint}::from_uniform_bytes,verified,2026-02-27,6913f139f4a7c431af4375905c852dce67909ac3,From uniform bytes (#550)
curve25519_dalek.backend.serial.u64.field.FieldElement51.to_bytes,Curve25519Dalek/Specs/Backend/Serial/U64/Field/FieldElement51/ToBytes.lean,curve25519_dalek::backend::serial::u64::field::{curve25519_dalek::backend::serial::u64::field::FieldElement51}::to_bytes,externally verified,2026-03-01,5397fc3ae5020bbd41476c486ea8fd01bda626c0,"Feat(utils): spec thms can be tagged as externally verified, functions can be marked as ignored  (#587)"
curve25519_dalek.backend.serial.u64.scalar.Scalar52.from_bytes,Curve25519Dalek/Specs/Backend/Serial/U64/Scalar/Scalar52/FromBytes.lean,curve25519_dalek::backend::serial::u64::scalar::{curve25519_dalek::backend::serial::u64::scalar::Scalar52}::from_bytes,externally verified,2026-03-01,5397fc3ae5020bbd41476c486ea8fd01bda626c0,"Feat(utils): spec thms can be tagged as externally verified, functions can be marked as ignored  (#587)"
curve25519_dalek.backend.serial.u64.scalar.Scalar52.from_bytes_wide,Curve25519Dalek/Specs/Backend/Serial/U64/Scalar/Scalar52/FromBytesWide.lean,curve25519_dalek::backend::serial::u64::scalar::{curve25519_dalek::backend::serial::u64::scalar::Scalar52}::from_bytes_wide,externally verified,2026-03-01,5397fc3ae5020bbd41476c486ea8fd01bda626c0,"Feat(utils): spec thms can be tagged as externally verified, functions can be marked as ignored  (#587)"
curve25519_dalek.backend.serial.u64.scalar.Scalar52.montgomery_reduce,Curve25519Dalek/Specs/Backend/Serial/U64/Scalar/Scalar52/MontgomeryReduce.lean,curve25519_dalek::backend::serial::u64::scalar::{curve25519_dalek::backend::serial::u64::scalar::Scalar52}::montgomery_reduce,externally verified,2026-03-01,5397fc3ae5020bbd41476c486ea8fd01bda626c0,"Feat(utils): spec thms can be tagged as externally verified, functions can be marked as ignored  (#587)"
curve25519_dalek.edwards.affine.AffinePoint.compress,Curve25519Dalek/Specs/Edwards/Affine/AffinePoint/Compress.lean,curve25519_dalek::edwards::affine::{curve25519_dalek::edwards::affine::AffinePoint}::compress,externally verified,2026-03-01,5397fc3ae5020bbd41476c486ea8fd01bda626c0,"Feat(utils): spec thms can be tagged as externally verified, functions can be marked as ignored  (#587)"
curve25519_dalek.Shared0EdwardsPoint.Insts.CoreOpsArithMulSharedAScalarEdwardsPoint.mul,Curve25519Dalek/Specs/Edwards/EdwardsPoint/Mul.lean,"curve25519_dalek::edwards::{core::ops::arith::Mul<&'a (curve25519_dalek::scalar::Scalar), curve25519_dalek::edwards::EdwardsPoint> for &1 (curve25519_dalek::edwards::EdwardsPoint)}::mul",externally verified,2026-03-01,5397fc3ae5020bbd41476c486ea8fd01bda626c0,"Feat(utils): spec thms can be tagged as externally verified, functions can be marked as ignored  (#587)"
curve25519_dalek.edwards.CompressedEdwardsY.decompress,Curve25519Dalek/Specs/Edwards/CompressedEdwardsY/Decompress.lean,curve25519_dalek::edwards::{curve25519_dalek::edwards::CompressedEdwardsY}::decompress,externally verified,2026-03-01,5397fc3ae5020bbd41476c486ea8fd01bda626c0,"Feat(utils): spec thms can be tagged as externally verified, functions can be marked as ignored  (#587)"
curve25519_dalek.edwards.EdwardsPoint.compress,Curve25519Dalek/Specs/Edwards/EdwardsPoint/Compress.lean,curve25519_dalek::edwards::{curve25519_dalek::edwards::EdwardsPoint}::compress,externally verified,2026-03-01,5397fc3ae5020bbd41476c486ea8fd01bda626c0,"Feat(utils): spec thms can be tagged as externally verified, functions can be marked as ignored  (#587)"
curve25519_dalek.edwards.EdwardsPoint.double,Curve25519Dalek/Specs/Edwards/EdwardsPoint/Double.lean,curve25519_dalek::edwards::{curve25519_dalek::edwards::EdwardsPoint}::double,externally verified,2026-03-01,5397fc3ae5020bbd41476c486ea8fd01bda626c0,"Feat(utils): spec thms can be tagged as externally verified, functions can be marked as ignored  (#587)"
curve25519_dalek.edwards.EdwardsPoint.mul_base,Curve25519Dalek/Specs/Edwards/EdwardsPoint/MulBase.lean,curve25519_dalek::edwards::{curve25519_dalek::edwards::EdwardsPoint}::mul_base,externally verified,2026-03-01,5397fc3ae5020bbd41476c486ea8fd01bda626c0,"Feat(utils): spec thms can be tagged as externally verified, functions can be marked as ignored  (#587)"
curve25519_dalek.edwards.EdwardsPoint.mul_by_pow_2,Curve25519Dalek/Specs/Edwards/EdwardsPoint/MulByPow2.lean,curve25519_dalek::edwards::{curve25519_dalek::edwards::EdwardsPoint}::mul_by_pow_2,externally verified,2026-03-01,5397fc3ae5020bbd41476c486ea8fd01bda626c0,"Feat(utils): spec thms can be tagged as externally verified, functions can be marked as ignored  (#587)"
curve25519_dalek.edwards.EdwardsPoint.to_montgomery,Curve25519Dalek/Specs/Edwards/EdwardsPoint/ToMontgomery.lean,curve25519_dalek::edwards::{curve25519_dalek::edwards::EdwardsPoint}::to_montgomery,externally verified,2026-03-01,5397fc3ae5020bbd41476c486ea8fd01bda626c0,"Feat(utils): spec thms can be tagged as externally verified, functions can be marked as ignored  (#587)"
curve25519_dalek.backend.serial.u64.constants.APLUS2_OVER_FOUR,Curve25519Dalek/Specs/Backend/Serial/U64/Constants/APLUS2_OVER_FOUR.lean,curve25519_dalek::backend::serial::u64::constants::APLUS2_OVER_FOUR,verified,2026-03-03,78ed5c9f3a717c08712c001b131556b1da1dd65b,Aplus2 over four (#596)
curve25519_dalek.backend.serial.u64.scalar.Scalar52.mul,Curve25519Dalek/Specs/Backend/Serial/U64/Scalar/Scalar52/Mul.lean,curve25519_dalek::backend::serial::u64::scalar::{curve25519_dalek::backend::serial::u64::scalar::Scalar52}::mul,verified,2026-03-04,68c013af65965c23307a298047c83b50aaa17d39,Added spec for Scalar52.mul (#594)
curve25519_dalek.backend.serial.u64.constants.ED25519_BASEPOINT_POINT,Curve25519Dalek/Specs/Backend/Serial/U64/Constants/ED25519_BASEPOINT_POINT.lean,curve25519_dalek::backend::serial::u64::constants::ED25519_BASEPOINT_POINT,verified,2026-03-05,3739e67e2d585e139d18f6ffbe76a3ead74cc4d2,Update to Aeneas 1620d2a (#584)
curve25519_dalek.backend.serial.u64.constants.EIGHT_TORSION,Curve25519Dalek/Specs/Backend/Serial/U64/Constants/EIGHT_TORSION.lean,curve25519_dalek::backend::serial::u64::constants::EIGHT_TORSION,verified,2026-03-05,3739e67e2d585e139d18f6ffbe76a3ead74cc4d2,Update to Aeneas 1620d2a (#584)
curve25519_dalek.Shared0FieldElement51.Insts.CoreOpsArithMulSharedAFieldElement51FieldElement51.mul,Curve25519Dalek/Specs/Backend/Serial/U64/Field/FieldElement51/Mul.lean,"curve25519_dalek::backend::serial::u64::field::{core::ops::arith::Mul<&'a (curve25519_dalek::backend::serial::u64::field::FieldElement51), curve25519_dalek::backend::serial::u64::field::FieldElement51> for &1 (curve25519_dalek::backend::serial::u64::field::FieldElement51)}::mul",externally verified,2026-03-05,3739e67e2d585e139d18f6ffbe76a3ead74cc4d2,Update to Aeneas 1620d2a (#584)
curve25519_dalek.edwards.EdwardsPoint.Insts.SubtleConditionallySelectable.conditional_select,Curve25519Dalek/Specs/Edwards/EdwardsPoint/ConditionalSelect.lean,curve25519_dalek::edwards::{subtle::ConditionallySelectable for curve25519_dalek::edwards::EdwardsPoint}::conditional_select,verified,2026-03-05,184c63695a0154045021c71c11ff6ef2e184b34a,Specification of eight Ristretto functions + Verification of six Ristretto functions (#614)
curve25519_dalek.ristretto.RistrettoPoint.Insts.CoreCmpPartialEqRistrettoPoint.eq,Curve25519Dalek/Specs/Ristretto/RistrettoPoint/Eq.lean,curve25519_dalek::ristretto::{core::cmp::PartialEq<curve25519_dalek::ristretto::RistrettoPoint> for curve25519_dalek::ristretto::RistrettoPoint}::eq,verified,2026-03-05,184c63695a0154045021c71c11ff6ef2e184b34a,Specification of eight Ristretto functions + Verification of six Ristretto functions (#614)
curve25519_dalek.Shared0RistrettoPoint.Insts.CoreOpsArithSubSharedARistrettoPointRistrettoPoint.sub,Curve25519Dalek/Specs/Ristretto/RistrettoPoint/Sub.lean,"curve25519_dalek::ristretto::{core::ops::arith::Sub<&'a (curve25519_dalek::ristretto::RistrettoPoint), curve25519_dalek::ristretto::RistrettoPoint> for &1 (curve25519_dalek::ristretto::RistrettoPoint)}::sub",verified,2026-03-05,184c63695a0154045021c71c11ff6ef2e184b34a,Specification of eight Ristretto functions + Verification of six Ristretto functions (#614)
curve25519_dalek.ristretto.CompressedRistretto.Insts.Curve25519_dalekTraitsIdentity.identity,Curve25519Dalek/Specs/Ristretto/CompressedRistretto/Identity.lean,curve25519_dalek::ristretto::{curve25519_dalek::traits::Identity for curve25519_dalek::ristretto::CompressedRistretto}::identity,verified,2026-03-05,184c63695a0154045021c71c11ff6ef2e184b34a,Specification of eight Ristretto functions + Verification of six Ristretto functions (#614)
curve25519_dalek.ristretto.RistrettoPoint.Insts.Curve25519_dalekTraitsIdentity.identity,Curve25519Dalek/Specs/Ristretto/RistrettoPoint/Identity.lean,curve25519_dalek::ristretto::{curve25519_dalek::traits::Identity for curve25519_dalek::ristretto::RistrettoPoint}::identity,verified,2026-03-05,184c63695a0154045021c71c11ff6ef2e184b34a,Specification of eight Ristretto functions + Verification of six Ristretto functions (#614)
curve25519_dalek.ristretto.RistrettoPoint.Insts.SubtleConditionallySelectable.conditional_select,Curve25519Dalek/Specs/Ristretto/RistrettoPoint/ConditionalSelect.lean,curve25519_dalek::ristretto::{subtle::ConditionallySelectable for curve25519_dalek::ristretto::RistrettoPoint}::conditional_select,verified,2026-03-05,184c63695a0154045021c71c11ff6ef2e184b34a,Specification of eight Ristretto functions + Verification of six Ristretto functions (#614)
curve25519_dalek.ristretto.CompressedRistretto.Insts.SubtleConstantTimeEq.ct_eq,Curve25519Dalek/Specs/Ristretto/CompressedRistretto/CtEq.lean,curve25519_dalek::ristretto::{subtle::ConstantTimeEq for curve25519_dalek::ristretto::CompressedRistretto}::ct_eq,verified,2026-03-05,184c63695a0154045021c71c11ff6ef2e184b34a,Specification of eight Ristretto functions + Verification of six Ristretto functions (#614)
curve25519_dalek.backend.serial.u64.field.FieldElement51.from_bytes,Curve25519Dalek/Specs/Backend/Serial/U64/Field/FieldElement51/FromBytes.lean,curve25519_dalek::backend::serial::u64::field::{curve25519_dalek::backend::serial::u64::field::FieldElement51}::from_bytes,verified,2026-03-08,a13613d7416d38a0cc1cc65505d767de4f1f1119,Introduce `BitList` and refactor `FieldElement51.from_bytes`  (#616)
curve25519_dalek.montgomery.differential_add_and_double,Curve25519Dalek/Specs/Montgomery/ProjectivePoint/DifferentialAddAndDouble.lean,curve25519_dalek::montgomery::differential_add_and_double,verified,2026-03-09,5537e333930af80a87d94af0a26444829dc71f3c,completed ADD_DBL (#617)
curve25519_dalek.ristretto.RistrettoPoint.compress,Curve25519Dalek/Specs/Ristretto/RistrettoPoint/Compress.lean,curve25519_dalek::ristretto::{curve25519_dalek::ristretto::RistrettoPoint}::compress,verified,2026-03-09,a73ea21341ea97e07ef070349fcf55e61a93ff1b,issue 541 ristretto compress spec verification (#613)
curve25519_dalek.ristretto.RistrettoPoint.Insts.SubtleConstantTimeEq.ct_eq,Curve25519Dalek/Specs/Ristretto/RistrettoPoint/CtEq.lean,curve25519_dalek::ristretto::{subtle::ConstantTimeEq for curve25519_dalek::ristretto::RistrettoPoint}::ct_eq,verified,2026-03-10,74d9fe481cb84207fd266b6dfdfbe1a2d6bc2c63,Proof of RistrettoPoint::ct_eq (#628)
curve25519_dalek.backend.serial.u64.field.FieldElement51.pow2k,Curve25519Dalek/Specs/Backend/Serial/U64/Field/FieldElement51/Pow2K.lean,curve25519_dalek::backend::serial::u64::field::{curve25519_dalek::backend::serial::u64::field::FieldElement51}::pow2k,verified,2026-03-11,ed580c58ff446a593a8ec847c7f60822b8638dd6,Refactor-pow2k (#445)
curve25519_dalek.backend.serial.u64.scalar.Scalar52.square,Curve25519Dalek/Specs/Backend/Serial/U64/Scalar/Scalar52/Square.lean,curve25519_dalek::backend::serial::u64::scalar::{curve25519_dalek::backend::serial::u64::scalar::Scalar52}::square,verified,2026-03-11,52640a29aaf568535775370ccbfbc4208d45ddc3,Verified EdwardsPoint: Add Neg Eq and Scalar52::square (#635)
curve25519_dalek.edwards.EdwardsPoint.Insts.CoreCmpPartialEqEdwardsPoint.eq,Curve25519Dalek/Specs/Edwards/EdwardsPoint/Eq.lean,curve25519_dalek::edwards::{core::cmp::PartialEq<curve25519_dalek::edwards::EdwardsPoint> for curve25519_dalek::edwards::EdwardsPoint}::eq,verified,2026-03-11,52640a29aaf568535775370ccbfbc4208d45ddc3,Verified EdwardsPoint: Add Neg Eq and Scalar52::square (#635)
curve25519_dalek.Shared0EdwardsPoint.Insts.CoreOpsArithAddSharedAEdwardsPointEdwardsPoint.add,Curve25519Dalek/Specs/Edwards/EdwardsPoint/Add.lean,"curve25519_dalek::edwards::{core::ops::arith::Add<&'a (curve25519_dalek::edwards::EdwardsPoint), curve25519_dalek::edwards::EdwardsPoint> for &1 (curve25519_dalek::edwards::EdwardsPoint)}::add",verified,2026-03-11,52640a29aaf568535775370ccbfbc4208d45ddc3,Verified EdwardsPoint: Add Neg Eq and Scalar52::square (#635)
curve25519_dalek.Shared0EdwardsPoint.Insts.CoreOpsArithNegEdwardsPoint.neg,Curve25519Dalek/Specs/Edwards/EdwardsPoint/Neg.lean,curve25519_dalek::edwards::{core::ops::arith::Neg<curve25519_dalek::edwards::EdwardsPoint> for &0 (curve25519_dalek::edwards::EdwardsPoint)}::neg,verified,2026-03-11,52640a29aaf568535775370ccbfbc4208d45ddc3,Verified EdwardsPoint: Add Neg Eq and Scalar52::square (#635)
curve25519_dalek.ristretto.CompressedRistretto.from_slice,Curve25519Dalek/Specs/Ristretto/CompressedRistretto/FromSlice.lean,curve25519_dalek::ristretto::{curve25519_dalek::ristretto::CompressedRistretto}::from_slice,verified,2026-03-11,a22c5b0e0b85c57a3f98fc7f3ecebec03caf821d,Proof of CompressedRistretto::from_slice (#636)
curve25519_dalek.montgomery.MontgomeryPoint.to_edwards,Curve25519Dalek/Specs/Montgomery/MontgomeryPoint/ToEdwards.lean,curve25519_dalek::montgomery::{curve25519_dalek::montgomery::MontgomeryPoint}::to_edwards,verified,2026-03-12,9530ff79b5626371082f814ae8cb8261486c5522,ToEdwards (#591)
curve25519_dalek.Shared0EdwardsPoint.Insts.CoreOpsArithSubSharedAEdwardsPointEdwardsPoint.sub,Curve25519Dalek/Specs/Edwards/EdwardsPoint/Sub.lean,"curve25519_dalek::edwards::{core::ops::arith::Sub<&'a (curve25519_dalek::edwards::EdwardsPoint), curve25519_dalek::edwards::EdwardsPoint> for &1 (curve25519_dalek::edwards::EdwardsPoint)}::sub",verified,2026-03-14,e8f299696a641d4c4c48b6c5d4288067910d202c,Verified Edwards::Sub and Edwards::From_Slice (#647)
curve25519_dalek.edwards.CompressedEdwardsY.from_slice,Curve25519Dalek/Specs/Edwards/CompressedEdwardsY/FromSlice.lean,curve25519_dalek::edwards::{curve25519_dalek::edwards::CompressedEdwardsY}::from_slice,verified,2026-03-14,e8f299696a641d4c4c48b6c5d4288067910d202c,Verified Edwards::Sub and Edwards::From_Slice (#647)
curve25519_dalek.ristretto.RistrettoPoint.elligator_ristretto_flavor,Curve25519Dalek/Specs/Ristretto/RistrettoPoint/ElligatorRistrettoFlavor.lean,curve25519_dalek::ristretto::{curve25519_dalek::ristretto::RistrettoPoint}::elligator_ristretto_flavor,verified,2026-03-14,24c9f90e937d1237b282691289165ed3fda9dff1,Issue 618 elligator refactoring (#640)
curve25519_dalek.ristretto.decompress.step_2,Curve25519Dalek/Specs/Ristretto/CompressedRistretto/Step2.lean,curve25519_dalek::ristretto::decompress::step_2,verified,2026-03-16,b2db46d3d6430c067cec05e63c325caa353b5d7e,Restore and refactor step_2 proof (#653)
curve25519_dalek.ristretto.RistrettoPoint.mul_base,Curve25519Dalek/Specs/Ristretto/RistrettoPoint/Mul_Base.lean,curve25519_dalek::ristretto::{curve25519_dalek::ristretto::RistrettoPoint}::mul_base,verified,2026-03-17,cd061c1afb9fcd8a4d066bacbae28b5b68f706f0,Re-verified RistrettoPoint::mul_base (#656) (#657)
curve25519_dalek.constants.BASEPOINT_ORDER_PRIVATE,Curve25519Dalek/Specs/Constants/BASEPOINT_ORDER_PRIVATE.lean,curve25519_dalek::constants::BASEPOINT_ORDER_PRIVATE,verified,2026-03-18,a6b17f088d7b08996990f991ef788bd397bff627,specify and verify :  is_torsion_free and as_affine_niels (#664)
curve25519_dalek.edwards.EdwardsPoint.as_affine_niels,Curve25519Dalek/Specs/Edwards/EdwardsPoint/AsAffineNiels.lean,curve25519_dalek::edwards::{curve25519_dalek::edwards::EdwardsPoint}::as_affine_niels,verified,2026-03-18,a6b17f088d7b08996990f991ef788bd397bff627,specify and verify :  is_torsion_free and as_affine_niels (#664)
curve25519_dalek.edwards.EdwardsPoint.is_torsion_free,Curve25519Dalek/Specs/Edwards/EdwardsPoint/IsTorsionFree.lean,curve25519_dalek::edwards::{curve25519_dalek::edwards::EdwardsPoint}::is_torsion_free,verified,2026-03-18,a6b17f088d7b08996990f991ef788bd397bff627,specify and verify :  is_torsion_free and as_affine_niels (#664)
curve25519_dalek.edwards.EdwardsPoint.mul_clamped,Curve25519Dalek/Specs/Edwards/EdwardsPoint/MulClamped.lean,curve25519_dalek::edwards::{curve25519_dalek::edwards::EdwardsPoint}::mul_clamped,verified,2026-03-18,a6b17f088d7b08996990f991ef788bd397bff627,specify and verify :  is_torsion_free and as_affine_niels (#664)
curve25519_dalek.edwards.CompressedEdwardsY.Insts.Curve25519_dalekTraitsIdentity.identity,Curve25519Dalek/Specs/Edwards/CompressedEdwardsY/Identity.lean,curve25519_dalek::edwards::{curve25519_dalek::traits::Identity for curve25519_dalek::edwards::CompressedEdwardsY}::identity,verified,2026-03-18,a6b17f088d7b08996990f991ef788bd397bff627,specify and verify :  is_torsion_free and as_affine_niels (#664)
curve25519_dalek.edwards.affine.AffinePoint.Insts.CoreCmpPartialEqAffinePoint.eq,Curve25519Dalek/Specs/Edwards/Affine/AffinePoint/Eq.lean,curve25519_dalek::edwards::affine::{core::cmp::PartialEq<curve25519_dalek::edwards::affine::AffinePoint> for curve25519_dalek::edwards::affine::AffinePoint}::eq,verified,2026-03-20,66b626407e490c08a87db5850db61ff526b61d35,reproof add new spec (#680)
curve25519_dalek.edwards.affine.AffinePoint.to_edwards,Curve25519Dalek/Specs/Edwards/Affine/AffinePoint/ToEdwards.lean,curve25519_dalek::edwards::affine::{curve25519_dalek::edwards::affine::AffinePoint}::to_edwards,verified,2026-03-20,66b626407e490c08a87db5850db61ff526b61d35,reproof add new spec (#680)
curve25519_dalek.edwards.affine.AffinePoint.Insts.Curve25519_dalekTraitsIdentity.identity,Curve25519Dalek/Specs/Edwards/Affine/AffinePoint/Identity.lean,curve25519_dalek::edwards::affine::{curve25519_dalek::traits::Identity for curve25519_dalek::edwards::affine::AffinePoint}::identity,verified,2026-03-20,66b626407e490c08a87db5850db61ff526b61d35,reproof add new spec (#680)
curve25519_dalek.edwards.affine.AffinePoint.Insts.SubtleConditionallySelectable.conditional_select,Curve25519Dalek/Specs/Edwards/Affine/AffinePoint/ConditionalSelect.lean,curve25519_dalek::edwards::affine::{subtle::ConditionallySelectable for curve25519_dalek::edwards::affine::AffinePoint}::conditional_select,verified,2026-03-20,66b626407e490c08a87db5850db61ff526b61d35,reproof add new spec (#680)
curve25519_dalek.edwards.affine.AffinePoint.Insts.SubtleConstantTimeEq.ct_eq,Curve25519Dalek/Specs/Edwards/Affine/AffinePoint/CtEq.lean,curve25519_dalek::edwards::affine::{subtle::ConstantTimeEq for curve25519_dalek::edwards::affine::AffinePoint}::ct_eq,verified,2026-03-20,66b626407e490c08a87db5850db61ff526b61d35,reproof add new spec (#680)
curve25519_dalek.edwards.CompressedEdwardsY.Insts.SubtleConstantTimeEq.ct_eq,Curve25519Dalek/Specs/Edwards/CompressedEdwardsY/CtEq.lean,curve25519_dalek::edwards::{subtle::ConstantTimeEq for curve25519_dalek::edwards::CompressedEdwardsY}::ct_eq,verified,2026-03-20,66b626407e490c08a87db5850db61ff526b61d35,reproof add new spec (#680)
curve25519_dalek.field.FieldElement51.invert,Curve25519Dalek/Specs/Field/FieldElement51/Invert.lean,curve25519_dalek::field::{curve25519_dalek::backend::serial::u64::field::FieldElement51}::invert,verified,2026-03-20,8e7300433dcaf28d91c98bf21e8071e5f707d1e2,"Prove pow22501_spec, pow_p58_spec, and invert_spec, removing sorry and externally_verified (#676)"
curve25519_dalek.field.FieldElement51.pow22501,Curve25519Dalek/Specs/Field/FieldElement51/Pow22501.lean,curve25519_dalek::field::{curve25519_dalek::backend::serial::u64::field::FieldElement51}::pow22501,verified,2026-03-20,8e7300433dcaf28d91c98bf21e8071e5f707d1e2,"Prove pow22501_spec, pow_p58_spec, and invert_spec, removing sorry and externally_verified (#676)"
curve25519_dalek.field.FieldElement51.pow_p58,Curve25519Dalek/Specs/Field/FieldElement51/PowP58.lean,curve25519_dalek::field::{curve25519_dalek::backend::serial::u64::field::FieldElement51}::pow_p58,verified,2026-03-20,8e7300433dcaf28d91c98bf21e8071e5f707d1e2,"Prove pow22501_spec, pow_p58_spec, and invert_spec, removing sorry and externally_verified (#676)"
curve25519_dalek.montgomery.elligator_encode,Curve25519Dalek/Specs/Montgomery/MontgomeryPoint/ElligatorEncode.lean,curve25519_dalek::montgomery::elligator_encode,verified,2026-03-20,66b626407e490c08a87db5850db61ff526b61d35,reproof add new spec (#680)
curve25519_dalek.Shared1MontgomeryPoint.Insts.CoreOpsArithMulShared0ScalarMontgomeryPoint.mul,Curve25519Dalek/Specs/Montgomery/MontgomeryPoint/Mul.lean,"curve25519_dalek::montgomery::{core::ops::arith::Mul<&0 (curve25519_dalek::scalar::Scalar), curve25519_dalek::montgomery::MontgomeryPoint> for &1 (curve25519_dalek::montgomery::MontgomeryPoint)}::mul",verified,2026-03-20,66b626407e490c08a87db5850db61ff526b61d35,reproof add new spec (#680)
curve25519_dalek.montgomery.MontgomeryPoint.mul_base,Curve25519Dalek/Specs/Montgomery/MontgomeryPoint/MulBase.lean,curve25519_dalek::montgomery::{curve25519_dalek::montgomery::MontgomeryPoint}::mul_base,verified,2026-03-20,66b626407e490c08a87db5850db61ff526b61d35,reproof add new spec (#680)
curve25519_dalek.edwards.EdwardsPoint.is_small_order,Curve25519Dalek/Specs/Edwards/EdwardsPoint/IsSmallOrder.lean,curve25519_dalek::edwards::{curve25519_dalek::edwards::EdwardsPoint}::is_small_order,verified,2026-03-21,4bf220bcad8950b9836d76274f26342eee09dc66,"Prove is_small_order_spec, removing sorry and externally_verified (#687)"
curve25519_dalek.scalar.Scalar.Insts.CoreCmpPartialEqScalar.eq,Curve25519Dalek/Specs/Scalar/Scalar/Eq.lean,curve25519_dalek::scalar::{core::cmp::PartialEq<curve25519_dalek::scalar::Scalar> for curve25519_dalek::scalar::Scalar}::eq,verified,2026-03-23,188f9bef6cfa158c04c09b53679fa2fd59725d6e,scalar (#701)
curve25519_dalek.scalar.Scalar.Insts.CoreConvertFromU128.from,Curve25519Dalek/Specs/Scalar/Scalar/FromU128.lean,curve25519_dalek::scalar::{core::convert::From<u128> for curve25519_dalek::scalar::Scalar}::from,verified,2026-03-23,188f9bef6cfa158c04c09b53679fa2fd59725d6e,scalar (#701)
curve25519_dalek.scalar.Scalar.Insts.CoreConvertFromU16.from,Curve25519Dalek/Specs/Scalar/Scalar/FromU16.lean,curve25519_dalek::scalar::{core::convert::From<u16> for curve25519_dalek::scalar::Scalar}::from,verified,2026-03-23,188f9bef6cfa158c04c09b53679fa2fd59725d6e,scalar (#701)
curve25519_dalek.scalar.Scalar.Insts.CoreConvertFromU32.from,Curve25519Dalek/Specs/Scalar/Scalar/FromU32.lean,curve25519_dalek::scalar::{core::convert::From<u32> for curve25519_dalek::scalar::Scalar}::from,verified,2026-03-23,188f9bef6cfa158c04c09b53679fa2fd59725d6e,scalar (#701)
curve25519_dalek.scalar.Scalar.Insts.CoreConvertFromU64.from,Curve25519Dalek/Specs/Scalar/Scalar/FromU64.lean,curve25519_dalek::scalar::{core::convert::From<u64> for curve25519_dalek::scalar::Scalar}::from,verified,2026-03-23,188f9bef6cfa158c04c09b53679fa2fd59725d6e,scalar (#701)
curve25519_dalek.scalar.Scalar.Insts.CoreConvertFromU8.from,Curve25519Dalek/Specs/Scalar/Scalar/FromU8.lean,curve25519_dalek::scalar::{core::convert::From<u8> for curve25519_dalek::scalar::Scalar}::from,verified,2026-03-23,188f9bef6cfa158c04c09b53679fa2fd59725d6e,scalar (#701)
curve25519_dalek.Shared0Scalar.Insts.CoreOpsArithAddSharedAScalarScalar.add,Curve25519Dalek/Specs/Scalar/Scalar/Add.lean,"curve25519_dalek::scalar::{core::ops::arith::Add<&'a (curve25519_dalek::scalar::Scalar), curve25519_dalek::scalar::Scalar> for &1 (curve25519_dalek::scalar::Scalar)}::add",verified,2026-03-23,188f9bef6cfa158c04c09b53679fa2fd59725d6e,scalar (#701)
curve25519_dalek.Shared0Scalar.Insts.CoreOpsArithMulSharedAScalarScalar.mul,Curve25519Dalek/Specs/Scalar/Scalar/Mul.lean,"curve25519_dalek::scalar::{core::ops::arith::Mul<&'a (curve25519_dalek::scalar::Scalar), curve25519_dalek::scalar::Scalar> for &1 (curve25519_dalek::scalar::Scalar)}::mul",verified,2026-03-23,188f9bef6cfa158c04c09b53679fa2fd59725d6e,scalar (#701)
curve25519_dalek.scalar.Scalar.Insts.CoreOpsArithMulAssignSharedAScalar.mul_assign,Curve25519Dalek/Specs/Scalar/Scalar/MulAssign.lean,curve25519_dalek::scalar::{core::ops::arith::MulAssign<&'a (curve25519_dalek::scalar::Scalar)> for curve25519_dalek::scalar::Scalar}::mul_assign,verified,2026-03-23,188f9bef6cfa158c04c09b53679fa2fd59725d6e,scalar (#701)
curve25519_dalek.Shared0Scalar.Insts.CoreOpsArithNegScalar.neg,Curve25519Dalek/Specs/Scalar/Scalar/Neg.lean,curve25519_dalek::scalar::{core::ops::arith::Neg<curve25519_dalek::scalar::Scalar> for &0 (curve25519_dalek::scalar::Scalar)}::neg,verified,2026-03-23,188f9bef6cfa158c04c09b53679fa2fd59725d6e,scalar (#701)
curve25519_dalek.Shared0Scalar.Insts.CoreOpsArithSubSharedAScalarScalar.sub,Curve25519Dalek/Specs/Scalar/Scalar/Sub.lean,"curve25519_dalek::scalar::{core::ops::arith::Sub<&'a (curve25519_dalek::scalar::Scalar), curve25519_dalek::scalar::Scalar> for &1 (curve25519_dalek::scalar::Scalar)}::sub",verified,2026-03-23,188f9bef6cfa158c04c09b53679fa2fd59725d6e,scalar (#701)
curve25519_dalek.backend.serial.u64.scalar.Scalar52.to_bytes,Curve25519Dalek/Specs/Backend/Serial/U64/Scalar/Scalar52/ToBytes.lean,curve25519_dalek::backend::serial::u64::scalar::{curve25519_dalek::backend::serial::u64::scalar::Scalar52}::to_bytes,verified,2026-03-24,074536e0de997e115294a0efd09e9b6758fa942c,verify: Scalar52 to_bytes_spec (and update other dependent spec theorems) (#637)
